INSERT INTO users(dtype,username,password,enabled) VALUES ('User','admin','admin',TRUE);
INSERT INTO authorities VALUES ('admin','ADMIN');

insert into users (dtype, username, password, enabled, first_name, last_name, email, dni, phone_number, flat_id) values ('Host', 'rbordessa0', 'Is-Dp2-G1-13', true, 'Randy', 'Bordessa', 'rbordessa0@wired.com', '21910859W', '643174336', null);
insert into users (dtype, username, password, enabled, first_name, last_name, email, dni, phone_number, flat_id) values ('Host', 'fricart1', 'Is-Dp2-G1-13', true, 'Fonsie', 'Ricart', 'fricart1@cmu.edu', '33653232S', '605751086', null);
insert into users (dtype, username, password, enabled, first_name, last_name, email, dni, phone_number, flat_id) values ('Host', 'dframmingham2', 'Is-Dp2-G1-13', true, 'Diarmid', 'Frammingham', 'dframmingham2@blogs.com', '43987756V', '732001758', null);
insert into users (dtype, username, password, enabled, first_name, last_name, email, dni, phone_number, flat_id) values ('Host', 'negre3', 'Is-Dp2-G1-13', true, 'Noelle', 'Egre', 'negre3@auda.org.au', '80738030S', '982110065', null);
insert into users (dtype, username, password, enabled, first_name, last_name, email, dni, phone_number, flat_id) values ('Host', 'glikly4', 'Is-Dp2-G1-13', true, 'Giorgio', 'Likly', 'glikly4@networksolutions.com', '16388021C', '388605640', null);
insert into users (dtype, username, password, enabled, first_name, last_name, email, dni, phone_number, flat_id) values ('Host', 'kcrinkley5', 'Is-Dp2-G1-13', true, 'Kirsti', 'Crinkley', 'kcrinkley5@alibaba.com', '91663062H', '946818186', null);
insert into users (dtype, username, password, enabled, first_name, last_name, email, dni, phone_number, flat_id) values ('Host', 'cstealey6', 'Is-Dp2-G1-13', true, 'Carmel', 'Stealey', 'cstealey6@independent.co.uk', '84784732D', '412922978', null);
insert into users (dtype, username, password, enabled, first_name, last_name, email, dni, phone_number, flat_id) values ('Host', 'rjurries7', 'Is-Dp2-G1-13', true, 'Ruperta', 'Jurries', 'rjurries7@infoseek.co.jp', '42226781R', '738938024', null);
insert into users (dtype, username, password, enabled, first_name, last_name, email, dni, phone_number, flat_id) values ('Host', 'vcasero8', 'Is-Dp2-G1-13', true, 'Venita', 'Casero', 'vcasero8@nasa.gov', '02454700M', '609272633', null);
insert into users (dtype, username, password, enabled, first_name, last_name, email, dni, phone_number, flat_id) values ('Host', 'ochillistone9', 'Is-Dp2-G1-13', true, 'Octavius', 'Chillistone', 'ochillistone9@artisteer.com', '77257762Z', '774655059', null);
insert into users (dtype, username, password, enabled, first_name, last_name, email, dni, phone_number, flat_id) values ('Host', 'nnaullsa', 'Is-Dp2-G1-13', true, 'Nicki', 'Naulls', 'nnaullsa@wired.com', '25321906X', '908272493', null);
insert into users (dtype, username, password, enabled, first_name, last_name, email, dni, phone_number, flat_id) values ('Host', 'jdavieb', 'Is-Dp2-G1-13', true, 'Josias', 'Davie', 'jdavieb@nbcnews.com', '11749188L', '844829901', null);
insert into users (dtype, username, password, enabled, first_name, last_name, email, dni, phone_number, flat_id) values ('Host', 'bputleyc', 'Is-Dp2-G1-13', true, 'Barnaby', 'Putley', 'bputleyc@rambler.ru', '24738829K', '857016887', null);
insert into users (dtype, username, password, enabled, first_name, last_name, email, dni, phone_number, flat_id) values ('Host', 'efarnalld', 'Is-Dp2-G1-13', true, 'Ericha', 'Farnall', 'efarnalld@narod.ru', '70651576R', '947708783', null);
insert into users (dtype, username, password, enabled, first_name, last_name, email, dni, phone_number, flat_id) values ('Host', 'mmcgaheye', 'Is-Dp2-G1-13', true, 'Maren', 'McGahey', 'mmcgaheye@dropbox.com', '65322006L', '292751419', null);
insert into authorities (username, authority) values ('rbordessa0', 'HOST');
insert into authorities (username, authority) values ('fricart1', 'HOST');
insert into authorities (username, authority) values ('dframmingham2', 'HOST');
insert into authorities (username, authority) values ('negre3', 'HOST');
insert into authorities (username, authority) values ('glikly4', 'HOST');
insert into authorities (username, authority) values ('kcrinkley5', 'HOST');
insert into authorities (username, authority) values ('cstealey6', 'HOST');
insert into authorities (username, authority) values ('rjurries7', 'HOST');
insert into authorities (username, authority) values ('vcasero8', 'HOST');
insert into authorities (username, authority) values ('ochillistone9', 'HOST');
insert into authorities (username, authority) values ('nnaullsa', 'HOST');
insert into authorities (username, authority) values ('jdavieb', 'HOST');
insert into authorities (username, authority) values ('bputleyc', 'HOST');
insert into authorities (username, authority) values ('efarnalld', 'HOST');
insert into authorities (username, authority) values ('mmcgaheye', 'HOST');

insert into addresses (id, address, city, country, postal_code, latitude, longitude) values (1, '15 Mcguire Street', 'Donostia-San Sebastian', 'Spain', '20015', 43.3152889, -1.9514657);
insert into addresses (id, address, city, country, postal_code, latitude, longitude) values (2, '5738 Main Street', 'Leon', 'Spain', '24010', 42.5944931, -5.6195112);
insert into addresses (id, address, city, country, postal_code, latitude, longitude) values (3, '26 John Wall Lane', 'Alicante/Alacant', 'Spain', '03005', 38.3628307, -0.5210565);
insert into addresses (id, address, city, country, postal_code, latitude, longitude) values (4, '654 Holy Cross Junction', 'Pamplona/Iruña', 'Spain', '31005', 42.8045028, -1.6432837);
insert into addresses (id, address, city, country, postal_code, latitude, longitude) values (5, '93 Northfield Way', 'Jaen', 'Spain', '23005', 37.7801069, -3.8235525);
insert into addresses (id, address, city, country, postal_code, latitude, longitude) values (6, '315 Ruskin Circle', 'Valencia', 'Spain', '46025', 39.5013158, -0.3889622);
insert into addresses (id, address, city, country, postal_code, latitude, longitude) values (7, '6 Sycamore Plaza', 'Madrid', 'Spain', '28055', 40.4869744, -3.6116494);
insert into addresses (id, address, city, country, postal_code, latitude, longitude) values (8, '8451 Del Sol Junction', 'Pamplona/Iruña', 'Spain', '31010', 42.8038334, -1.6894332);
insert into addresses (id, address, city, country, postal_code, latitude, longitude) values (9, '637 Kim Drive', 'Valladolid', 'Spain', '47010', 41.6704519, -4.7135268);
insert into addresses (id, address, city, country, postal_code, latitude, longitude) values (10, '1776 Crest Line Pass', 'Huesca', 'Spain', '22005', 42.1294151, -0.3960275);
insert into addresses (id, address, city, country, postal_code, latitude, longitude) values (11, '20 Basil Center', 'Almeria', 'Spain', '04005', 36.8414494, -2.4567059);
insert into addresses (id, address, city, country, postal_code, latitude, longitude) values (12, '373 Melody Drive', 'Malaga', 'Spain', '29005', 36.7195014, -4.4239965);
insert into addresses (id, address, city, country, postal_code, latitude, longitude) values (13, '16626 Hooker Lane', 'Logroño', 'Spain', '26070', 42.4576548, -2.4407498);
insert into addresses (id, address, city, country, postal_code, latitude, longitude) values (14, '36 Carberry Junction', 'Fuenlabrada', 'Spain', '28944', 40.2748289, -3.7968574);
insert into addresses (id, address, city, country, postal_code, latitude, longitude) values (15, '9 Walton Way', 'Leganes', 'Spain', '28914', 40.3319506, -3.7686545);
insert into addresses (id, address, city, country, postal_code, latitude, longitude) values (16, '659 Hollow Ridge Alley', 'Zaragoza', 'Spain', '50080', 41.6286623, -0.8744828);
insert into addresses (id, address, city, country, postal_code, latitude, longitude) values (17, '1766 Burrows Hill', 'Palmas De Gran Canaria, Las', 'Spain', '35010', 28.1328796, -15.4393074);
insert into addresses (id, address, city, country, postal_code, latitude, longitude) values (18, '754 Hagan Place', 'Hospitalet De Llobregat, L''', 'Spain', '08904', 41.3730301, 2.116796);
insert into addresses (id, address, city, country, postal_code, latitude, longitude) values (19, '88565 Mesta Street', 'Madrid', 'Spain', '28045', 40.3954764, -3.6902166);
insert into addresses (id, address, city, country, postal_code, latitude, longitude) values (20, '56 Fordem Center', 'Pamplona/Iruña', 'Spain', '31010', 42.8038334, -1.6894332);
insert into addresses (id, address, city, country, postal_code, latitude, longitude) values (21, '780 Pearson Place', 'Palmas De Gran Canaria, Las', 'Spain', '35070', 28.0990178, -15.4203257);
insert into addresses (id, address, city, country, postal_code, latitude, longitude) values (22, '006 Grover Trail', 'Almeria', 'Spain', '04070', 37.4852899, -2.2959788);
insert into addresses (id, address, city, country, postal_code, latitude, longitude) values (23, '343 Bluestem Center', 'Jaen', 'Spain', '23005', 37.7801069, -3.8235525);
insert into addresses (id, address, city, country, postal_code, latitude, longitude) values (24, '9621 Graedel Court', 'Leganes', 'Spain', '28914', 40.3319506, -3.7686545);
insert into addresses (id, address, city, country, postal_code, latitude, longitude) values (25, '11660 John Wall Road', 'Jaen', 'Spain', '23005', 37.7801069, -3.8235525);
insert into addresses (id, address, city, country, postal_code, latitude, longitude) values (26, '0 School Circle', 'Palmas De Gran Canaria, Las', 'Spain', '35070', 28.0990178, -15.4203257);
insert into addresses (id, address, city, country, postal_code, latitude, longitude) values (27, '2 North Park', 'Valencia', 'Spain', '46025', 39.5013158, -0.3889622);
insert into addresses (id, address, city, country, postal_code, latitude, longitude) values (28, '74828 Boyd Lane', 'Valencia', 'Spain', '46005', 39.463861, -0.3689508);
insert into addresses (id, address, city, country, postal_code, latitude, longitude) values (29, '26 Katie Road', 'Granada', 'Spain', '18015', 37.1952335, -3.664859);
insert into addresses (id, address, city, country, postal_code, latitude, longitude) values (30, '51 Golf Drive', 'Granada', 'Spain', '18005', 37.1691224, -3.6002547);
insert into addresses (id, address, city, country, postal_code, latitude, longitude) values (31, '95136 Golf Trail', 'Sevilla', 'Spain', '41015', 37.439299, -5.9885456);
insert into addresses (id, address, city, country, postal_code, latitude, longitude) values (32, '25 Superior Place', 'Barcelona', 'Spain', '08030', 41.4378689, 2.196618);
insert into addresses (id, address, city, country, postal_code, latitude, longitude) values (33, '7735 Stephen Junction', 'Granada', 'Spain', '18005', 37.1691224, -3.6002547);
insert into addresses (id, address, city, country, postal_code, latitude, longitude) values (34, '4 Kim Parkway', 'Murcia', 'Spain', '30005', 37.9868856, -1.1371011);
insert into addresses (id, address, city, country, postal_code, latitude, longitude) values (35, '28712 Eagan Park', 'Granada', 'Spain', '18005', 37.1691224, -3.6002547);
insert into addresses (id, address, city, country, postal_code, latitude, longitude) values (36, '56655 Sauthoff Trail', 'Madrid', 'Spain', '28025', 40.378739, -3.7358924);
insert into addresses (id, address, city, country, postal_code, latitude, longitude) values (37, '9 Cascade Pass', 'Santiago De Compostela', 'Spain', '15899', 42.8518656, -8.5638609);
insert into addresses (id, address, city, country, postal_code, latitude, longitude) values (38, '331 Moulton Trail', 'Getafe', 'Spain', '28904', 40.3111887, -3.7371617);
insert into addresses (id, address, city, country, postal_code, latitude, longitude) values (39, '33 Hollow Ridge Center', 'Sevilla', 'Spain', '41020', 37.4212157, -5.9251211);
insert into addresses (id, address, city, country, postal_code, latitude, longitude) values (40, '521 Coleman Point', 'Albacete', 'Spain', '02070', 38.5928606, -2.5498208);
insert into addresses (id, address, city, country, postal_code, latitude, longitude) values (41, '54 Truax Court', 'Santa Cruz De Tenerife', 'Spain', '38110', 28.4391484, -16.2845785);
insert into addresses (id, address, city, country, postal_code, latitude, longitude) values (42, '42 Novick Pass', 'Logroño', 'Spain', '26005', 42.4914204, -2.522269);
insert into addresses (id, address, city, country, postal_code, latitude, longitude) values (43, '661 Springview Parkway', 'Vitoria-Gasteiz', 'Spain', '01010', 42.8563356, -2.7033575);
insert into addresses (id, address, city, country, postal_code, latitude, longitude) values (44, '7 Thackeray Court', 'Dos Hermanas', 'Spain', '41703', 37.3100775, -5.9647536);
insert into addresses (id, address, city, country, postal_code, latitude, longitude) values (45, '9 Village Green Avenue', 'Malaga', 'Spain', '29005', 36.7195014, -4.4239965);

insert into flats (id, available_services, description, number_baths, number_rooms, square_meters, address_id, host_id) values (1, 'Aenean lectus. Pellentesque eget nunc.', 'In hac habitasse platea dictumst. Morbi vestibulum, velit id pretium iaculis, diam erat fermentum justo, nec condimentum neque sapien placerat ante. Nulla justo.

Aliquam quis turpis eget elit sodales scelerisque. Mauris sit amet eros. Suspendisse accumsan tortor quis turpis.', 1, 2, '994', 1, 'rbordessa0');
insert into flats (id, available_services, description, number_baths, number_rooms, square_meters, address_id, host_id) values (2, 'Lorem ipsum dolor sit amet, consectetuer adipiscing elit. Proin interdum mauris non ligula pellentesque ultrices.', 'Fusce posuere felis sed lacus. Morbi sem mauris, laoreet ut, rhoncus aliquet, pulvinar sed, nisl. Nunc rhoncus dui vel sem.

Sed sagittis. Nam congue, risus semper porta volutpat, quam pede lobortis ligula, sit amet eleifend pede libero quis orci. Nullam molestie nibh in lectus.', 2, 3, '201', 2, 'fricart1');
insert into flats (id, available_services, description, number_baths, number_rooms, square_meters, address_id, host_id) values (3, 'Pellentesque ultrices mattis odio. Donec vitae nisi.', 'Nulla ut erat id mauris vulputate elementum. Nullam varius. Nulla facilisi.

Cras non velit nec nisi vulputate nonummy. Maecenas tincidunt lacus at velit. Vivamus vel nulla eget eros elementum pellentesque.', 3, 4, '957', 3, 'dframmingham2');
insert into flats (id, available_services, description, number_baths, number_rooms, square_meters, address_id, host_id) values (4, 'Morbi non lectus. Aliquam sit amet diam in magna bibendum imperdiet.', 'Quisque id justo sit amet sapien dignissim vestibulum. Vestibulum ante ipsum primis in faucibus orci luctus et ultrices posuere cubilia Curae; Nulla dapibus dolor vel est. Donec odio justo, sollicitudin ut, suscipit a, feugiat et, eros.

Vestibulum ac est lacinia nisi venenatis tristique. Fusce congue, diam id ornare imperdiet, sapien urna pretium nisl, ut volutpat sapien arcu sed augue. Aliquam erat volutpat.', 1, 5, '409', 4, 'negre3');
insert into flats (id, available_services, description, number_baths, number_rooms, square_meters, address_id, host_id) values (5, 'Morbi vel lectus in quam fringilla rhoncus. Mauris enim leo, rhoncus sed, vestibulum sit amet, cursus id, turpis.', 'Vestibulum quam sapien, varius ut, blandit non, interdum in, ante. Vestibulum ante ipsum primis in faucibus orci luctus et ultrices posuere cubilia Curae; Duis faucibus accumsan odio. Curabitur convallis.

Duis consequat dui nec nisi volutpat eleifend. Donec ut dolor. Morbi vel lectus in quam fringilla rhoncus.', 2, 2, '864', 5, 'glikly4');
insert into flats (id, available_services, description, number_baths, number_rooms, square_meters, address_id, host_id) values (6, 'Mauris lacinia sapien quis libero. Nullam sit amet turpis elementum ligula vehicula consequat.', 'In congue. Etiam justo. Etiam pretium iaculis justo.

In hac habitasse platea dictumst. Etiam faucibus cursus urna. Ut tellus.', 3, 3, '515', 6, 'kcrinkley5');
insert into flats (id, available_services, description, number_baths, number_rooms, square_meters, address_id, host_id) values (7, 'Morbi sem mauris, laoreet ut, rhoncus aliquet, pulvinar sed, nisl. Nunc rhoncus dui vel sem.', 'Cum sociis natoque penatibus et magnis dis parturient montes, nascetur ridiculus mus. Vivamus vestibulum sagittis sapien. Cum sociis natoque penatibus et magnis dis parturient montes, nascetur ridiculus mus.

Etiam vel augue. Vestibulum rutrum rutrum neque. Aenean auctor gravida sem.', 1, 4, '989', 7, 'cstealey6');
insert into flats (id, available_services, description, number_baths, number_rooms, square_meters, address_id, host_id) values (8, 'Vestibulum rutrum rutrum neque. Aenean auctor gravida sem.', 'Lorem ipsum dolor sit amet, consectetuer adipiscing elit. Proin risus. Praesent lectus.

Vestibulum quam sapien, varius ut, blandit non, interdum in, ante. Vestibulum ante ipsum primis in faucibus orci luctus et ultrices posuere cubilia Curae; Duis faucibus accumsan odio. Curabitur convallis.', 2, 5, '947', 8, 'rjurries7');
insert into flats (id, available_services, description, number_baths, number_rooms, square_meters, address_id, host_id) values (9, 'Maecenas rhoncus aliquam lacus. Morbi quis tortor id nulla ultrices aliquet.', 'Maecenas tristique, est et tempus semper, est quam pharetra magna, ac consequat metus sapien ut nunc. Vestibulum ante ipsum primis in faucibus orci luctus et ultrices posuere cubilia Curae; Mauris viverra diam vitae quam. Suspendisse potenti.

Nullam porttitor lacus at turpis. Donec posuere metus vitae ipsum. Aliquam non mauris.', 3, 2, '606', 9, 'vcasero8');
insert into flats (id, available_services, description, number_baths, number_rooms, square_meters, address_id, host_id) values (10, 'In congue. Etiam justo.', 'Maecenas leo odio, condimentum id, luctus nec, molestie sed, justo. Pellentesque viverra pede ac diam. Cras pellentesque volutpat dui.

Maecenas tristique, est et tempus semper, est quam pharetra magna, ac consequat metus sapien ut nunc. Vestibulum ante ipsum primis in faucibus orci luctus et ultrices posuere cubilia Curae; Mauris viverra diam vitae quam. Suspendisse potenti.', 1, 3, '070', 10, 'ochillistone9');
insert into flats (id, available_services, description, number_baths, number_rooms, square_meters, address_id, host_id) values (11, 'Sed accumsan felis. Ut at dolor quis odio consequat varius.', 'Duis bibendum, felis sed interdum venenatis, turpis enim blandit mi, in porttitor pede justo eu massa. Donec dapibus. Duis at velit eu est congue elementum.

In hac habitasse platea dictumst. Morbi vestibulum, velit id pretium iaculis, diam erat fermentum justo, nec condimentum neque sapien placerat ante. Nulla justo.', 2, 4, '871', 11, 'nnaullsa');
insert into flats (id, available_services, description, number_baths, number_rooms, square_meters, address_id, host_id) values (12, 'In quis justo. Maecenas rhoncus aliquam lacus.', 'Duis consequat dui nec nisi volutpat eleifend. Donec ut dolor. Morbi vel lectus in quam fringilla rhoncus.

Mauris enim leo, rhoncus sed, vestibulum sit amet, cursus id, turpis. Integer aliquet, massa id lobortis convallis, tortor risus dapibus augue, vel accumsan tellus nisi eu orci. Mauris lacinia sapien quis libero.', 3, 5, '818', 12, 'jdavieb');
insert into flats (id, available_services, description, number_baths, number_rooms, square_meters, address_id, host_id) values (13, 'In hac habitasse platea dictumst. Aliquam augue quam, sollicitudin vitae, consectetuer eget, rutrum at, lorem.', 'Aenean lectus. Pellentesque eget nunc. Donec quis orci eget orci vehicula condimentum.

Curabitur in libero ut massa volutpat convallis. Morbi odio odio, elementum eu, interdum eu, tincidunt in, leo. Maecenas pulvinar lobortis est.', 1, 2, '999', 13, 'bputleyc');
insert into flats (id, available_services, description, number_baths, number_rooms, square_meters, address_id, host_id) values (14, 'Etiam faucibus cursus urna. Ut tellus.', 'Nulla ut erat id mauris vulputate elementum. Nullam varius. Nulla facilisi.

Cras non velit nec nisi vulputate nonummy. Maecenas tincidunt lacus at velit. Vivamus vel nulla eget eros elementum pellentesque.', 2, 3, '321', 14, 'efarnalld');
insert into flats (id, available_services, description, number_baths, number_rooms, square_meters, address_id, host_id) values (15, 'Vestibulum ante ipsum primis in faucibus orci luctus et ultrices posuere cubilia Curae; Duis faucibus accumsan odio. Curabitur convallis.', 'Maecenas tristique, est et tempus semper, est quam pharetra magna, ac consequat metus sapien ut nunc. Vestibulum ante ipsum primis in faucibus orci luctus et ultrices posuere cubilia Curae; Mauris viverra diam vitae quam. Suspendisse potenti.

Nullam porttitor lacus at turpis. Donec posuere metus vitae ipsum. Aliquam non mauris.', 3, 4, '726', 15, 'mmcgaheye');
insert into flats (id, available_services, description, number_baths, number_rooms, square_meters, address_id, host_id) values (16, 'Vivamus tortor. Duis mattis egestas metus.', 'Sed ante. Vivamus tortor. Duis mattis egestas metus.

Aenean fermentum. Donec ut mauris eget massa tempor convallis. Nulla neque libero, convallis eget, eleifend luctus, ultricies eu, nibh.', 1, 5, '030', 16, 'rbordessa0');
insert into flats (id, available_services, description, number_baths, number_rooms, square_meters, address_id, host_id) values (17, 'Donec vitae nisi. Nam ultrices, libero non mattis pulvinar, nulla pede ullamcorper augue, a suscipit nulla elit ac nulla.', 'Maecenas ut massa quis augue luctus tincidunt. Nulla mollis molestie lorem. Quisque ut erat.

Curabitur gravida nisi at nibh. In hac habitasse platea dictumst. Aliquam augue quam, sollicitudin vitae, consectetuer eget, rutrum at, lorem.', 2, 2, '516', 17, 'fricart1');
insert into flats (id, available_services, description, number_baths, number_rooms, square_meters, address_id, host_id) values (18, 'Nam ultrices, libero non mattis pulvinar, nulla pede ullamcorper augue, a suscipit nulla elit ac nulla. Sed vel enim sit amet nunc viverra dapibus.', 'Sed ante. Vivamus tortor. Duis mattis egestas metus.

Aenean fermentum. Donec ut mauris eget massa tempor convallis. Nulla neque libero, convallis eget, eleifend luctus, ultricies eu, nibh.', 3, 3, '007', 18, 'dframmingham2');
insert into flats (id, available_services, description, number_baths, number_rooms, square_meters, address_id, host_id) values (19, 'Nullam varius. Nulla facilisi.', 'Mauris enim leo, rhoncus sed, vestibulum sit amet, cursus id, turpis. Integer aliquet, massa id lobortis convallis, tortor risus dapibus augue, vel accumsan tellus nisi eu orci. Mauris lacinia sapien quis libero.

Nullam sit amet turpis elementum ligula vehicula consequat. Morbi a ipsum. Integer a nibh.', 1, 4, '955', 19, 'negre3');
insert into flats (id, available_services, description, number_baths, number_rooms, square_meters, address_id, host_id) values (20, 'Morbi a ipsum. Integer a nibh.', 'Pellentesque at nulla. Suspendisse potenti. Cras in purus eu magna vulputate luctus.

Cum sociis natoque penatibus et magnis dis parturient montes, nascetur ridiculus mus. Vivamus vestibulum sagittis sapien. Cum sociis natoque penatibus et magnis dis parturient montes, nascetur ridiculus mus.', 2, 5, '090', 20, 'glikly4');
insert into flats (id, available_services, description, number_baths, number_rooms, square_meters, address_id, host_id) values (21, 'Praesent id massa id nisl venenatis lacinia. Aenean sit amet justo.', 'Pellentesque at nulla. Suspendisse potenti. Cras in purus eu magna vulputate luctus.

Cum sociis natoque penatibus et magnis dis parturient montes, nascetur ridiculus mus. Vivamus vestibulum sagittis sapien. Cum sociis natoque penatibus et magnis dis parturient montes, nascetur ridiculus mus.', 3, 2, '567', 21, 'kcrinkley5');
insert into flats (id, available_services, description, number_baths, number_rooms, square_meters, address_id, host_id) values (22, 'Vestibulum ante ipsum primis in faucibus orci luctus et ultrices posuere cubilia Curae; Nulla dapibus dolor vel est. Donec odio justo, sollicitudin ut, suscipit a, feugiat et, eros.', 'Aenean fermentum. Donec ut mauris eget massa tempor convallis. Nulla neque libero, convallis eget, eleifend luctus, ultricies eu, nibh.

Quisque id justo sit amet sapien dignissim vestibulum. Vestibulum ante ipsum primis in faucibus orci luctus et ultrices posuere cubilia Curae; Nulla dapibus dolor vel est. Donec odio justo, sollicitudin ut, suscipit a, feugiat et, eros.', 1, 3, '388', 22, 'cstealey6');
insert into flats (id, available_services, description, number_baths, number_rooms, square_meters, address_id, host_id) values (23, 'Donec ut mauris eget massa tempor convallis. Nulla neque libero, convallis eget, eleifend luctus, ultricies eu, nibh.', 'Maecenas tristique, est et tempus semper, est quam pharetra magna, ac consequat metus sapien ut nunc. Vestibulum ante ipsum primis in faucibus orci luctus et ultrices posuere cubilia Curae; Mauris viverra diam vitae quam. Suspendisse potenti.

Nullam porttitor lacus at turpis. Donec posuere metus vitae ipsum. Aliquam non mauris.', 2, 4, '761', 23, 'rjurries7');
insert into flats (id, available_services, description, number_baths, number_rooms, square_meters, address_id, host_id) values (24, 'Nulla neque libero, convallis eget, eleifend luctus, ultricies eu, nibh. Quisque id justo sit amet sapien dignissim vestibulum.', 'Duis bibendum. Morbi non quam nec dui luctus rutrum. Nulla tellus.

In sagittis dui vel nisl. Duis ac nibh. Fusce lacus purus, aliquet at, feugiat non, pretium quis, lectus.', 3, 5, '059', 24, 'vcasero8');
insert into flats (id, available_services, description, number_baths, number_rooms, square_meters, address_id, host_id) values (25, 'Integer ac leo. Pellentesque ultrices mattis odio.', 'Duis consequat dui nec nisi volutpat eleifend. Donec ut dolor. Morbi vel lectus in quam fringilla rhoncus.

Mauris enim leo, rhoncus sed, vestibulum sit amet, cursus id, turpis. Integer aliquet, massa id lobortis convallis, tortor risus dapibus augue, vel accumsan tellus nisi eu orci. Mauris lacinia sapien quis libero.', 1, 2, '343', 25, 'ochillistone9');
insert into flats (id, available_services, description, number_baths, number_rooms, square_meters, address_id, host_id) values (26, 'Integer tincidunt ante vel ipsum. Praesent blandit lacinia erat.', 'Proin leo odio, porttitor id, consequat in, consequat ut, nulla. Sed accumsan felis. Ut at dolor quis odio consequat varius.

Integer ac leo. Pellentesque ultrices mattis odio. Donec vitae nisi.', 2, 3, '987', 26, 'nnaullsa');
insert into flats (id, available_services, description, number_baths, number_rooms, square_meters, address_id, host_id) values (27, 'Curabitur gravida nisi at nibh. In hac habitasse platea dictumst.', 'Proin interdum mauris non ligula pellentesque ultrices. Phasellus id sapien in sapien iaculis congue. Vivamus metus arcu, adipiscing molestie, hendrerit at, vulputate vitae, nisl.

Aenean lectus. Pellentesque eget nunc. Donec quis orci eget orci vehicula condimentum.', 3, 4, '919', 27, 'jdavieb');
insert into flats (id, available_services, description, number_baths, number_rooms, square_meters, address_id, host_id) values (28, 'Duis consequat dui nec nisi volutpat eleifend. Donec ut dolor.', 'Suspendisse potenti. In eleifend quam a odio. In hac habitasse platea dictumst.

Maecenas ut massa quis augue luctus tincidunt. Nulla mollis molestie lorem. Quisque ut erat.', 1, 5, '604', 28, 'bputleyc');
insert into flats (id, available_services, description, number_baths, number_rooms, square_meters, address_id, host_id) values (29, 'Etiam faucibus cursus urna. Ut tellus.', 'Fusce posuere felis sed lacus. Morbi sem mauris, laoreet ut, rhoncus aliquet, pulvinar sed, nisl. Nunc rhoncus dui vel sem.

Sed sagittis. Nam congue, risus semper porta volutpat, quam pede lobortis ligula, sit amet eleifend pede libero quis orci. Nullam molestie nibh in lectus.', 2, 2, '619', 29, 'efarnalld');
insert into flats (id, available_services, description, number_baths, number_rooms, square_meters, address_id, host_id) values (30, 'Nulla justo. Aliquam quis turpis eget elit sodales scelerisque.', 'Phasellus sit amet erat. Nulla tempus. Vivamus in felis eu sapien cursus vestibulum.

Proin eu mi. Nulla ac enim. In tempor, turpis nec euismod scelerisque, quam turpis adipiscing lorem, vitae mattis nibh ligula nec sem.', 3, 3, '471', 30, 'mmcgaheye');
insert into flats (id, available_services, description, number_baths, number_rooms, square_meters, address_id, host_id) values (31, 'Curabitur in libero ut massa volutpat convallis. Morbi odio odio, elementum eu, interdum eu, tincidunt in, leo.', 'Cras non velit nec nisi vulputate nonummy. Maecenas tincidunt lacus at velit. Vivamus vel nulla eget eros elementum pellentesque.

Quisque porta volutpat erat. Quisque erat eros, viverra eget, congue eget, semper rutrum, nulla. Nunc purus.', 1, 4, '577', 31, 'rbordessa0');
insert into flats (id, available_services, description, number_baths, number_rooms, square_meters, address_id, host_id) values (32, 'Phasellus in felis. Donec semper sapien a libero.', 'Fusce posuere felis sed lacus. Morbi sem mauris, laoreet ut, rhoncus aliquet, pulvinar sed, nisl. Nunc rhoncus dui vel sem.

Sed sagittis. Nam congue, risus semper porta volutpat, quam pede lobortis ligula, sit amet eleifend pede libero quis orci. Nullam molestie nibh in lectus.', 2, 5, '169', 32, 'fricart1');
insert into flats (id, available_services, description, number_baths, number_rooms, square_meters, address_id, host_id) values (33, 'Duis bibendum, felis sed interdum venenatis, turpis enim blandit mi, in porttitor pede justo eu massa. Donec dapibus.', 'Aliquam quis turpis eget elit sodales scelerisque. Mauris sit amet eros. Suspendisse accumsan tortor quis turpis.

Sed ante. Vivamus tortor. Duis mattis egestas metus.', 3, 2, '269', 33, 'dframmingham2');
insert into flats (id, available_services, description, number_baths, number_rooms, square_meters, address_id, host_id) values (34, 'Maecenas ut massa quis augue luctus tincidunt. Nulla mollis molestie lorem.', 'Aenean fermentum. Donec ut mauris eget massa tempor convallis. Nulla neque libero, convallis eget, eleifend luctus, ultricies eu, nibh.

Quisque id justo sit amet sapien dignissim vestibulum. Vestibulum ante ipsum primis in faucibus orci luctus et ultrices posuere cubilia Curae; Nulla dapibus dolor vel est. Donec odio justo, sollicitudin ut, suscipit a, feugiat et, eros.', 1, 3, '229', 34, 'negre3');
insert into flats (id, available_services, description, number_baths, number_rooms, square_meters, address_id, host_id) values (35, 'Cras pellentesque volutpat dui. Maecenas tristique, est et tempus semper, est quam pharetra magna, ac consequat metus sapien ut nunc.', 'Quisque porta volutpat erat. Quisque erat eros, viverra eget, congue eget, semper rutrum, nulla. Nunc purus.

Phasellus in felis. Donec semper sapien a libero. Nam dui.', 2, 4, '150', 35, 'glikly4');
insert into flats (id, available_services, description, number_baths, number_rooms, square_meters, address_id, host_id) values (36, 'Proin eu mi. Nulla ac enim.', 'Duis bibendum. Morbi non quam nec dui luctus rutrum. Nulla tellus.

In sagittis dui vel nisl. Duis ac nibh. Fusce lacus purus, aliquet at, feugiat non, pretium quis, lectus.', 3, 5, '559', 36, 'kcrinkley5');
insert into flats (id, available_services, description, number_baths, number_rooms, square_meters, address_id, host_id) values (37, 'Ut tellus. Nulla ut erat id mauris vulputate elementum.', 'Proin leo odio, porttitor id, consequat in, consequat ut, nulla. Sed accumsan felis. Ut at dolor quis odio consequat varius.

Integer ac leo. Pellentesque ultrices mattis odio. Donec vitae nisi.', 1, 2, '003', 37, 'cstealey6');
insert into flats (id, available_services, description, number_baths, number_rooms, square_meters, address_id, host_id) values (38, 'Nunc rhoncus dui vel sem. Sed sagittis.', 'Cras non velit nec nisi vulputate nonummy. Maecenas tincidunt lacus at velit. Vivamus vel nulla eget eros elementum pellentesque.

Quisque porta volutpat erat. Quisque erat eros, viverra eget, congue eget, semper rutrum, nulla. Nunc purus.', 2, 3, '689', 38, 'rjurries7');
insert into flats (id, available_services, description, number_baths, number_rooms, square_meters, address_id, host_id) values (39, 'Vivamus vel nulla eget eros elementum pellentesque. Quisque porta volutpat erat.', 'Aliquam quis turpis eget elit sodales scelerisque. Mauris sit amet eros. Suspendisse accumsan tortor quis turpis.

Sed ante. Vivamus tortor. Duis mattis egestas metus.', 3, 4, '852', 39, 'vcasero8');
insert into flats (id, available_services, description, number_baths, number_rooms, square_meters, address_id, host_id) values (40, 'In congue. Etiam justo.', 'Curabitur in libero ut massa volutpat convallis. Morbi odio odio, elementum eu, interdum eu, tincidunt in, leo. Maecenas pulvinar lobortis est.

Phasellus sit amet erat. Nulla tempus. Vivamus in felis eu sapien cursus vestibulum.', 1, 5, '779', 40, 'ochillistone9');
insert into flats (id, available_services, description, number_baths, number_rooms, square_meters, address_id, host_id) values (41, 'Etiam pretium iaculis justo. In hac habitasse platea dictumst.', 'In hac habitasse platea dictumst. Morbi vestibulum, velit id pretium iaculis, diam erat fermentum justo, nec condimentum neque sapien placerat ante. Nulla justo.

Aliquam quis turpis eget elit sodales scelerisque. Mauris sit amet eros. Suspendisse accumsan tortor quis turpis.', 2, 2, '673', 41, 'nnaullsa');
insert into flats (id, available_services, description, number_baths, number_rooms, square_meters, address_id, host_id) values (42, 'Aliquam quis turpis eget elit sodales scelerisque. Mauris sit amet eros.', 'Cras non velit nec nisi vulputate nonummy. Maecenas tincidunt lacus at velit. Vivamus vel nulla eget eros elementum pellentesque.

Quisque porta volutpat erat. Quisque erat eros, viverra eget, congue eget, semper rutrum, nulla. Nunc purus.', 3, 3, '846', 42, 'jdavieb');
insert into flats (id, available_services, description, number_baths, number_rooms, square_meters, address_id, host_id) values (43, 'Morbi non lectus. Aliquam sit amet diam in magna bibendum imperdiet.', 'In congue. Etiam justo. Etiam pretium iaculis justo.

In hac habitasse platea dictumst. Etiam faucibus cursus urna. Ut tellus.', 1, 4, '788', 43, 'bputleyc');
insert into flats (id, available_services, description, number_baths, number_rooms, square_meters, address_id, host_id) values (44, 'Suspendisse accumsan tortor quis turpis. Sed ante.', 'In hac habitasse platea dictumst. Etiam faucibus cursus urna. Ut tellus.

Nulla ut erat id mauris vulputate elementum. Nullam varius. Nulla facilisi.', 2, 5, '152', 44, 'efarnalld');
insert into flats (id, available_services, description, number_baths, number_rooms, square_meters, address_id, host_id) values (45, 'Vivamus in felis eu sapien cursus vestibulum. Proin eu mi.', 'Praesent id massa id nisl venenatis lacinia. Aenean sit amet justo. Morbi ut odio.

Cras mi pede, malesuada in, imperdiet et, commodo vulputate, justo. In blandit ultrices enim. Lorem ipsum dolor sit amet, consectetuer adipiscing elit.', 3, 2, '626', 45, 'mmcgaheye');

INSERT INTO images (id, data, file_type, filename) VALUES(1, FILE_READ('src/main/resources/static/resources/images/flats/30.-DLX-800x533.jpg'), 'image/jpg', '30.-DLX-800x533.jpg');
INSERT INTO images (id, data, file_type, filename) VALUES(2, FILE_READ('src/main/resources/static/resources/images/flats/450_1000.jpeg'), 'image/jpeg', '450_1000.jpeg');
INSERT INTO images (id, data, file_type, filename) VALUES(3, FILE_READ('src/main/resources/static/resources/images/flats/450_1000.jpg'), 'image/jpg', '450_1000.jpg');
INSERT INTO images (id, data, file_type, filename) VALUES(4, FILE_READ('src/main/resources/static/resources/images/flats/755093144.jpg'), 'image/jpg', '755093144.jpg');
INSERT INTO images (id, data, file_type, filename) VALUES(5, FILE_READ('src/main/resources/static/resources/images/flats/baño.jpg'), 'image/jpg', 'baño.jpg');
INSERT INTO images (id, data, file_type, filename) VALUES(6, FILE_READ('src/main/resources/static/resources/images/flats/h1_b.jpeg'), 'image/jpeg', 'h1_b.jpeg');
insert into images (id, data, file_type, filename) values (7, FILE_READ('src/main/resources/static/resources/images/flats/30.-DLX-800x533.jpg'), 'image/jpg', 'image.jpg');
insert into images (id, data, file_type, filename) values (8, FILE_READ('src/main/resources/static/resources/images/flats/30.-DLX-800x533.jpg'), 'image/jpg', 'image.jpg');
insert into images (id, data, file_type, filename) values (9, FILE_READ('src/main/resources/static/resources/images/flats/30.-DLX-800x533.jpg'), 'image/jpg', 'image.jpg');
insert into images (id, data, file_type, filename) values (10, FILE_READ('src/main/resources/static/resources/images/flats/30.-DLX-800x533.jpg'), 'image/jpg', 'image.jpg');
insert into images (id, data, file_type, filename) values (11, FILE_READ('src/main/resources/static/resources/images/flats/30.-DLX-800x533.jpg'), 'image/jpg', 'image.jpg');
insert into images (id, data, file_type, filename) values (12, FILE_READ('src/main/resources/static/resources/images/flats/30.-DLX-800x533.jpg'), 'image/jpg', 'image.jpg');
insert into images (id, data, file_type, filename) values (13, FILE_READ('src/main/resources/static/resources/images/flats/30.-DLX-800x533.jpg'), 'image/jpg', 'image.jpg');
insert into images (id, data, file_type, filename) values (14, FILE_READ('src/main/resources/static/resources/images/flats/30.-DLX-800x533.jpg'), 'image/jpg', 'image.jpg');
insert into images (id, data, file_type, filename) values (15, FILE_READ('src/main/resources/static/resources/images/flats/30.-DLX-800x533.jpg'), 'image/jpg', 'image.jpg');
insert into images (id, data, file_type, filename) values (16, FILE_READ('src/main/resources/static/resources/images/flats/30.-DLX-800x533.jpg'), 'image/jpg', 'image.jpg');
insert into images (id, data, file_type, filename) values (17, FILE_READ('src/main/resources/static/resources/images/flats/30.-DLX-800x533.jpg'), 'image/jpg', 'image.jpg');
insert into images (id, data, file_type, filename) values (18, FILE_READ('src/main/resources/static/resources/images/flats/30.-DLX-800x533.jpg'), 'image/jpg', 'image.jpg');
insert into images (id, data, file_type, filename) values (19, FILE_READ('src/main/resources/static/resources/images/flats/30.-DLX-800x533.jpg'), 'image/jpg', 'image.jpg');
insert into images (id, data, file_type, filename) values (20, FILE_READ('src/main/resources/static/resources/images/flats/30.-DLX-800x533.jpg'), 'image/jpg', 'image.jpg');
insert into images (id, data, file_type, filename) values (21, FILE_READ('src/main/resources/static/resources/images/flats/30.-DLX-800x533.jpg'), 'image/jpg', 'image.jpg');
insert into images (id, data, file_type, filename) values (22, FILE_READ('src/main/resources/static/resources/images/flats/30.-DLX-800x533.jpg'), 'image/jpg', 'image.jpg');
insert into images (id, data, file_type, filename) values (23, FILE_READ('src/main/resources/static/resources/images/flats/30.-DLX-800x533.jpg'), 'image/jpg', 'image.jpg');
insert into images (id, data, file_type, filename) values (24, FILE_READ('src/main/resources/static/resources/images/flats/30.-DLX-800x533.jpg'), 'image/jpg', 'image.jpg');
insert into images (id, data, file_type, filename) values (25, FILE_READ('src/main/resources/static/resources/images/flats/30.-DLX-800x533.jpg'), 'image/jpg', 'image.jpg');
insert into images (id, data, file_type, filename) values (26, FILE_READ('src/main/resources/static/resources/images/flats/30.-DLX-800x533.jpg'), 'image/jpg', 'image.jpg');
insert into images (id, data, file_type, filename) values (27, FILE_READ('src/main/resources/static/resources/images/flats/30.-DLX-800x533.jpg'), 'image/jpg', 'image.jpg');
insert into images (id, data, file_type, filename) values (28, FILE_READ('src/main/resources/static/resources/images/flats/30.-DLX-800x533.jpg'), 'image/jpg', 'image.jpg');
insert into images (id, data, file_type, filename) values (29, FILE_READ('src/main/resources/static/resources/images/flats/30.-DLX-800x533.jpg'), 'image/jpg', 'image.jpg');
insert into images (id, data, file_type, filename) values (30, FILE_READ('src/main/resources/static/resources/images/flats/30.-DLX-800x533.jpg'), 'image/jpg', 'image.jpg');
insert into images (id, data, file_type, filename) values (31, FILE_READ('src/main/resources/static/resources/images/flats/30.-DLX-800x533.jpg'), 'image/jpg', 'image.jpg');
insert into images (id, data, file_type, filename) values (32, FILE_READ('src/main/resources/static/resources/images/flats/30.-DLX-800x533.jpg'), 'image/jpg', 'image.jpg');
insert into images (id, data, file_type, filename) values (33, FILE_READ('src/main/resources/static/resources/images/flats/30.-DLX-800x533.jpg'), 'image/jpg', 'image.jpg');
insert into images (id, data, file_type, filename) values (34, FILE_READ('src/main/resources/static/resources/images/flats/30.-DLX-800x533.jpg'), 'image/jpg', 'image.jpg');
insert into images (id, data, file_type, filename) values (35, FILE_READ('src/main/resources/static/resources/images/flats/30.-DLX-800x533.jpg'), 'image/jpg', 'image.jpg');
insert into images (id, data, file_type, filename) values (36, FILE_READ('src/main/resources/static/resources/images/flats/30.-DLX-800x533.jpg'), 'image/jpg', 'image.jpg');
insert into images (id, data, file_type, filename) values (37, FILE_READ('src/main/resources/static/resources/images/flats/30.-DLX-800x533.jpg'), 'image/jpg', 'image.jpg');
insert into images (id, data, file_type, filename) values (38, FILE_READ('src/main/resources/static/resources/images/flats/30.-DLX-800x533.jpg'), 'image/jpg', 'image.jpg');
insert into images (id, data, file_type, filename) values (39, FILE_READ('src/main/resources/static/resources/images/flats/30.-DLX-800x533.jpg'), 'image/jpg', 'image.jpg');
insert into images (id, data, file_type, filename) values (40, FILE_READ('src/main/resources/static/resources/images/flats/30.-DLX-800x533.jpg'), 'image/jpg', 'image.jpg');
insert into images (id, data, file_type, filename) values (41, FILE_READ('src/main/resources/static/resources/images/flats/30.-DLX-800x533.jpg'), 'image/jpg', 'image.jpg');
insert into images (id, data, file_type, filename) values (42, FILE_READ('src/main/resources/static/resources/images/flats/30.-DLX-800x533.jpg'), 'image/jpg', 'image.jpg');
insert into images (id, data, file_type, filename) values (43, FILE_READ('src/main/resources/static/resources/images/flats/30.-DLX-800x533.jpg'), 'image/jpg', 'image.jpg');
insert into images (id, data, file_type, filename) values (44, FILE_READ('src/main/resources/static/resources/images/flats/30.-DLX-800x533.jpg'), 'image/jpg', 'image.jpg');
insert into images (id, data, file_type, filename) values (45, FILE_READ('src/main/resources/static/resources/images/flats/30.-DLX-800x533.jpg'), 'image/jpg', 'image.jpg');
insert into images (id, data, file_type, filename) values (46, FILE_READ('src/main/resources/static/resources/images/flats/30.-DLX-800x533.jpg'), 'image/jpg', 'image.jpg');
insert into images (id, data, file_type, filename) values (47, FILE_READ('src/main/resources/static/resources/images/flats/30.-DLX-800x533.jpg'), 'image/jpg', 'image.jpg');
insert into images (id, data, file_type, filename) values (48, FILE_READ('src/main/resources/static/resources/images/flats/30.-DLX-800x533.jpg'), 'image/jpg', 'image.jpg');
insert into images (id, data, file_type, filename) values (49, FILE_READ('src/main/resources/static/resources/images/flats/30.-DLX-800x533.jpg'), 'image/jpg', 'image.jpg');
insert into images (id, data, file_type, filename) values (50, FILE_READ('src/main/resources/static/resources/images/flats/30.-DLX-800x533.jpg'), 'image/jpg', 'image.jpg');
insert into images (id, data, file_type, filename) values (51, FILE_READ('src/main/resources/static/resources/images/flats/30.-DLX-800x533.jpg'), 'image/jpg', 'image.jpg');
insert into images (id, data, file_type, filename) values (52, FILE_READ('src/main/resources/static/resources/images/flats/30.-DLX-800x533.jpg'), 'image/jpg', 'image.jpg');
insert into images (id, data, file_type, filename) values (53, FILE_READ('src/main/resources/static/resources/images/flats/30.-DLX-800x533.jpg'), 'image/jpg', 'image.jpg');
insert into images (id, data, file_type, filename) values (54, FILE_READ('src/main/resources/static/resources/images/flats/30.-DLX-800x533.jpg'), 'image/jpg', 'image.jpg');
insert into images (id, data, file_type, filename) values (55, FILE_READ('src/main/resources/static/resources/images/flats/30.-DLX-800x533.jpg'), 'image/jpg', 'image.jpg');
insert into images (id, data, file_type, filename) values (56, FILE_READ('src/main/resources/static/resources/images/flats/30.-DLX-800x533.jpg'), 'image/jpg', 'image.jpg');
insert into images (id, data, file_type, filename) values (57, FILE_READ('src/main/resources/static/resources/images/flats/30.-DLX-800x533.jpg'), 'image/jpg', 'image.jpg');
insert into images (id, data, file_type, filename) values (58, FILE_READ('src/main/resources/static/resources/images/flats/30.-DLX-800x533.jpg'), 'image/jpg', 'image.jpg');
insert into images (id, data, file_type, filename) values (59, FILE_READ('src/main/resources/static/resources/images/flats/30.-DLX-800x533.jpg'), 'image/jpg', 'image.jpg');
insert into images (id, data, file_type, filename) values (60, FILE_READ('src/main/resources/static/resources/images/flats/30.-DLX-800x533.jpg'), 'image/jpg', 'image.jpg');
insert into images (id, data, file_type, filename) values (61, FILE_READ('src/main/resources/static/resources/images/flats/30.-DLX-800x533.jpg'), 'image/jpg', 'image.jpg');
insert into images (id, data, file_type, filename) values (62, FILE_READ('src/main/resources/static/resources/images/flats/30.-DLX-800x533.jpg'), 'image/jpg', 'image.jpg');
insert into images (id, data, file_type, filename) values (63, FILE_READ('src/main/resources/static/resources/images/flats/30.-DLX-800x533.jpg'), 'image/jpg', 'image.jpg');
insert into images (id, data, file_type, filename) values (64, FILE_READ('src/main/resources/static/resources/images/flats/30.-DLX-800x533.jpg'), 'image/jpg', 'image.jpg');
insert into images (id, data, file_type, filename) values (65, FILE_READ('src/main/resources/static/resources/images/flats/30.-DLX-800x533.jpg'), 'image/jpg', 'image.jpg');
insert into images (id, data, file_type, filename) values (66, FILE_READ('src/main/resources/static/resources/images/flats/30.-DLX-800x533.jpg'), 'image/jpg', 'image.jpg');
insert into images (id, data, file_type, filename) values (67, FILE_READ('src/main/resources/static/resources/images/flats/30.-DLX-800x533.jpg'), 'image/jpg', 'image.jpg');
insert into images (id, data, file_type, filename) values (68, FILE_READ('src/main/resources/static/resources/images/flats/30.-DLX-800x533.jpg'), 'image/jpg', 'image.jpg');
insert into images (id, data, file_type, filename) values (69, FILE_READ('src/main/resources/static/resources/images/flats/30.-DLX-800x533.jpg'), 'image/jpg', 'image.jpg');
insert into images (id, data, file_type, filename) values (70, FILE_READ('src/main/resources/static/resources/images/flats/30.-DLX-800x533.jpg'), 'image/jpg', 'image.jpg');
insert into images (id, data, file_type, filename) values (71, FILE_READ('src/main/resources/static/resources/images/flats/30.-DLX-800x533.jpg'), 'image/jpg', 'image.jpg');
insert into images (id, data, file_type, filename) values (72, FILE_READ('src/main/resources/static/resources/images/flats/30.-DLX-800x533.jpg'), 'image/jpg', 'image.jpg');
insert into images (id, data, file_type, filename) values (73, FILE_READ('src/main/resources/static/resources/images/flats/30.-DLX-800x533.jpg'), 'image/jpg', 'image.jpg');
insert into images (id, data, file_type, filename) values (74, FILE_READ('src/main/resources/static/resources/images/flats/30.-DLX-800x533.jpg'), 'image/jpg', 'image.jpg');
insert into images (id, data, file_type, filename) values (75, FILE_READ('src/main/resources/static/resources/images/flats/30.-DLX-800x533.jpg'), 'image/jpg', 'image.jpg');
insert into images (id, data, file_type, filename) values (76, FILE_READ('src/main/resources/static/resources/images/flats/30.-DLX-800x533.jpg'), 'image/jpg', 'image.jpg');
insert into images (id, data, file_type, filename) values (77, FILE_READ('src/main/resources/static/resources/images/flats/30.-DLX-800x533.jpg'), 'image/jpg', 'image.jpg');
insert into images (id, data, file_type, filename) values (78, FILE_READ('src/main/resources/static/resources/images/flats/30.-DLX-800x533.jpg'), 'image/jpg', 'image.jpg');
insert into images (id, data, file_type, filename) values (79, FILE_READ('src/main/resources/static/resources/images/flats/30.-DLX-800x533.jpg'), 'image/jpg', 'image.jpg');
insert into images (id, data, file_type, filename) values (80, FILE_READ('src/main/resources/static/resources/images/flats/30.-DLX-800x533.jpg'), 'image/jpg', 'image.jpg');
insert into images (id, data, file_type, filename) values (81, FILE_READ('src/main/resources/static/resources/images/flats/30.-DLX-800x533.jpg'), 'image/jpg', 'image.jpg');
insert into images (id, data, file_type, filename) values (82, FILE_READ('src/main/resources/static/resources/images/flats/30.-DLX-800x533.jpg'), 'image/jpg', 'image.jpg');
insert into images (id, data, file_type, filename) values (83, FILE_READ('src/main/resources/static/resources/images/flats/30.-DLX-800x533.jpg'), 'image/jpg', 'image.jpg');
insert into images (id, data, file_type, filename) values (84, FILE_READ('src/main/resources/static/resources/images/flats/30.-DLX-800x533.jpg'), 'image/jpg', 'image.jpg');
insert into images (id, data, file_type, filename) values (85, FILE_READ('src/main/resources/static/resources/images/flats/30.-DLX-800x533.jpg'), 'image/jpg', 'image.jpg');
insert into images (id, data, file_type, filename) values (86, FILE_READ('src/main/resources/static/resources/images/flats/30.-DLX-800x533.jpg'), 'image/jpg', 'image.jpg');
insert into images (id, data, file_type, filename) values (87, FILE_READ('src/main/resources/static/resources/images/flats/30.-DLX-800x533.jpg'), 'image/jpg', 'image.jpg');
insert into images (id, data, file_type, filename) values (88, FILE_READ('src/main/resources/static/resources/images/flats/30.-DLX-800x533.jpg'), 'image/jpg', 'image.jpg');
insert into images (id, data, file_type, filename) values (89, FILE_READ('src/main/resources/static/resources/images/flats/30.-DLX-800x533.jpg'), 'image/jpg', 'image.jpg');
insert into images (id, data, file_type, filename) values (90, FILE_READ('src/main/resources/static/resources/images/flats/30.-DLX-800x533.jpg'), 'image/jpg', 'image.jpg');
insert into images (id, data, file_type, filename) values (91, FILE_READ('src/main/resources/static/resources/images/flats/30.-DLX-800x533.jpg'), 'image/jpg', 'image.jpg');
insert into images (id, data, file_type, filename) values (92, FILE_READ('src/main/resources/static/resources/images/flats/30.-DLX-800x533.jpg'), 'image/jpg', 'image.jpg');
insert into images (id, data, file_type, filename) values (93, FILE_READ('src/main/resources/static/resources/images/flats/30.-DLX-800x533.jpg'), 'image/jpg', 'image.jpg');
insert into images (id, data, file_type, filename) values (94, FILE_READ('src/main/resources/static/resources/images/flats/30.-DLX-800x533.jpg'), 'image/jpg', 'image.jpg');
insert into images (id, data, file_type, filename) values (95, FILE_READ('src/main/resources/static/resources/images/flats/30.-DLX-800x533.jpg'), 'image/jpg', 'image.jpg');
insert into images (id, data, file_type, filename) values (96, FILE_READ('src/main/resources/static/resources/images/flats/30.-DLX-800x533.jpg'), 'image/jpg', 'image.jpg');
insert into images (id, data, file_type, filename) values (97, FILE_READ('src/main/resources/static/resources/images/flats/30.-DLX-800x533.jpg'), 'image/jpg', 'image.jpg');
insert into images (id, data, file_type, filename) values (98, FILE_READ('src/main/resources/static/resources/images/flats/30.-DLX-800x533.jpg'), 'image/jpg', 'image.jpg');
insert into images (id, data, file_type, filename) values (99, FILE_READ('src/main/resources/static/resources/images/flats/30.-DLX-800x533.jpg'), 'image/jpg', 'image.jpg');
insert into images (id, data, file_type, filename) values (100, FILE_READ('src/main/resources/static/resources/images/flats/30.-DLX-800x533.jpg'), 'image/jpg', 'image.jpg');
insert into images (id, data, file_type, filename) values (101, FILE_READ('src/main/resources/static/resources/images/flats/30.-DLX-800x533.jpg'), 'image/jpg', 'image.jpg');
insert into images (id, data, file_type, filename) values (102, FILE_READ('src/main/resources/static/resources/images/flats/30.-DLX-800x533.jpg'), 'image/jpg', 'image.jpg');
insert into images (id, data, file_type, filename) values (103, FILE_READ('src/main/resources/static/resources/images/flats/30.-DLX-800x533.jpg'), 'image/jpg', 'image.jpg');
insert into images (id, data, file_type, filename) values (104, FILE_READ('src/main/resources/static/resources/images/flats/30.-DLX-800x533.jpg'), 'image/jpg', 'image.jpg');
insert into images (id, data, file_type, filename) values (105, FILE_READ('src/main/resources/static/resources/images/flats/30.-DLX-800x533.jpg'), 'image/jpg', 'image.jpg');
insert into images (id, data, file_type, filename) values (106, FILE_READ('src/main/resources/static/resources/images/flats/30.-DLX-800x533.jpg'), 'image/jpg', 'image.jpg');
insert into images (id, data, file_type, filename) values (107, FILE_READ('src/main/resources/static/resources/images/flats/30.-DLX-800x533.jpg'), 'image/jpg', 'image.jpg');
insert into images (id, data, file_type, filename) values (108, FILE_READ('src/main/resources/static/resources/images/flats/30.-DLX-800x533.jpg'), 'image/jpg', 'image.jpg');
insert into images (id, data, file_type, filename) values (109, FILE_READ('src/main/resources/static/resources/images/flats/30.-DLX-800x533.jpg'), 'image/jpg', 'image.jpg');
insert into images (id, data, file_type, filename) values (110, FILE_READ('src/main/resources/static/resources/images/flats/30.-DLX-800x533.jpg'), 'image/jpg', 'image.jpg');
insert into images (id, data, file_type, filename) values (111, FILE_READ('src/main/resources/static/resources/images/flats/30.-DLX-800x533.jpg'), 'image/jpg', 'image.jpg');
insert into images (id, data, file_type, filename) values (112, FILE_READ('src/main/resources/static/resources/images/flats/30.-DLX-800x533.jpg'), 'image/jpg', 'image.jpg');
insert into images (id, data, file_type, filename) values (113, FILE_READ('src/main/resources/static/resources/images/flats/30.-DLX-800x533.jpg'), 'image/jpg', 'image.jpg');
insert into images (id, data, file_type, filename) values (114, FILE_READ('src/main/resources/static/resources/images/flats/30.-DLX-800x533.jpg'), 'image/jpg', 'image.jpg');
insert into images (id, data, file_type, filename) values (115, FILE_READ('src/main/resources/static/resources/images/flats/30.-DLX-800x533.jpg'), 'image/jpg', 'image.jpg');
insert into images (id, data, file_type, filename) values (116, FILE_READ('src/main/resources/static/resources/images/flats/30.-DLX-800x533.jpg'), 'image/jpg', 'image.jpg');
insert into images (id, data, file_type, filename) values (117, FILE_READ('src/main/resources/static/resources/images/flats/30.-DLX-800x533.jpg'), 'image/jpg', 'image.jpg');
insert into images (id, data, file_type, filename) values (118, FILE_READ('src/main/resources/static/resources/images/flats/30.-DLX-800x533.jpg'), 'image/jpg', 'image.jpg');
insert into images (id, data, file_type, filename) values (119, FILE_READ('src/main/resources/static/resources/images/flats/30.-DLX-800x533.jpg'), 'image/jpg', 'image.jpg');
insert into images (id, data, file_type, filename) values (120, FILE_READ('src/main/resources/static/resources/images/flats/30.-DLX-800x533.jpg'), 'image/jpg', 'image.jpg');
insert into images (id, data, file_type, filename) values (121, FILE_READ('src/main/resources/static/resources/images/flats/30.-DLX-800x533.jpg'), 'image/jpg', 'image.jpg');
insert into images (id, data, file_type, filename) values (122, FILE_READ('src/main/resources/static/resources/images/flats/30.-DLX-800x533.jpg'), 'image/jpg', 'image.jpg');
insert into images (id, data, file_type, filename) values (123, FILE_READ('src/main/resources/static/resources/images/flats/30.-DLX-800x533.jpg'), 'image/jpg', 'image.jpg');
insert into images (id, data, file_type, filename) values (124, FILE_READ('src/main/resources/static/resources/images/flats/30.-DLX-800x533.jpg'), 'image/jpg', 'image.jpg');
insert into images (id, data, file_type, filename) values (125, FILE_READ('src/main/resources/static/resources/images/flats/30.-DLX-800x533.jpg'), 'image/jpg', 'image.jpg');
insert into images (id, data, file_type, filename) values (126, FILE_READ('src/main/resources/static/resources/images/flats/30.-DLX-800x533.jpg'), 'image/jpg', 'image.jpg');
insert into images (id, data, file_type, filename) values (127, FILE_READ('src/main/resources/static/resources/images/flats/30.-DLX-800x533.jpg'), 'image/jpg', 'image.jpg');
insert into images (id, data, file_type, filename) values (128, FILE_READ('src/main/resources/static/resources/images/flats/30.-DLX-800x533.jpg'), 'image/jpg', 'image.jpg');
insert into images (id, data, file_type, filename) values (129, FILE_READ('src/main/resources/static/resources/images/flats/30.-DLX-800x533.jpg'), 'image/jpg', 'image.jpg');
insert into images (id, data, file_type, filename) values (130, FILE_READ('src/main/resources/static/resources/images/flats/30.-DLX-800x533.jpg'), 'image/jpg', 'image.jpg');
insert into images (id, data, file_type, filename) values (131, FILE_READ('src/main/resources/static/resources/images/flats/30.-DLX-800x533.jpg'), 'image/jpg', 'image.jpg');
insert into images (id, data, file_type, filename) values (132, FILE_READ('src/main/resources/static/resources/images/flats/30.-DLX-800x533.jpg'), 'image/jpg', 'image.jpg');
insert into images (id, data, file_type, filename) values (133, FILE_READ('src/main/resources/static/resources/images/flats/30.-DLX-800x533.jpg'), 'image/jpg', 'image.jpg');
insert into images (id, data, file_type, filename) values (134, FILE_READ('src/main/resources/static/resources/images/flats/30.-DLX-800x533.jpg'), 'image/jpg', 'image.jpg');
insert into images (id, data, file_type, filename) values (135, FILE_READ('src/main/resources/static/resources/images/flats/30.-DLX-800x533.jpg'), 'image/jpg', 'image.jpg');
insert into images (id, data, file_type, filename) values (136, FILE_READ('src/main/resources/static/resources/images/flats/30.-DLX-800x533.jpg'), 'image/jpg', 'image.jpg');
insert into images (id, data, file_type, filename) values (137, FILE_READ('src/main/resources/static/resources/images/flats/30.-DLX-800x533.jpg'), 'image/jpg', 'image.jpg');
insert into images (id, data, file_type, filename) values (138, FILE_READ('src/main/resources/static/resources/images/flats/30.-DLX-800x533.jpg'), 'image/jpg', 'image.jpg');
insert into images (id, data, file_type, filename) values (139, FILE_READ('src/main/resources/static/resources/images/flats/30.-DLX-800x533.jpg'), 'image/jpg', 'image.jpg');
insert into images (id, data, file_type, filename) values (140, FILE_READ('src/main/resources/static/resources/images/flats/30.-DLX-800x533.jpg'), 'image/jpg', 'image.jpg');
insert into images (id, data, file_type, filename) values (141, FILE_READ('src/main/resources/static/resources/images/flats/30.-DLX-800x533.jpg'), 'image/jpg', 'image.jpg');
insert into images (id, data, file_type, filename) values (142, FILE_READ('src/main/resources/static/resources/images/flats/30.-DLX-800x533.jpg'), 'image/jpg', 'image.jpg');
insert into images (id, data, file_type, filename) values (143, FILE_READ('src/main/resources/static/resources/images/flats/30.-DLX-800x533.jpg'), 'image/jpg', 'image.jpg');
insert into images (id, data, file_type, filename) values (144, FILE_READ('src/main/resources/static/resources/images/flats/30.-DLX-800x533.jpg'), 'image/jpg', 'image.jpg');
insert into images (id, data, file_type, filename) values (145, FILE_READ('src/main/resources/static/resources/images/flats/30.-DLX-800x533.jpg'), 'image/jpg', 'image.jpg');
insert into images (id, data, file_type, filename) values (146, FILE_READ('src/main/resources/static/resources/images/flats/30.-DLX-800x533.jpg'), 'image/jpg', 'image.jpg');
insert into images (id, data, file_type, filename) values (147, FILE_READ('src/main/resources/static/resources/images/flats/30.-DLX-800x533.jpg'), 'image/jpg', 'image.jpg');
insert into images (id, data, file_type, filename) values (148, FILE_READ('src/main/resources/static/resources/images/flats/30.-DLX-800x533.jpg'), 'image/jpg', 'image.jpg');
insert into images (id, data, file_type, filename) values (149, FILE_READ('src/main/resources/static/resources/images/flats/30.-DLX-800x533.jpg'), 'image/jpg', 'image.jpg');
insert into images (id, data, file_type, filename) values (150, FILE_READ('src/main/resources/static/resources/images/flats/30.-DLX-800x533.jpg'), 'image/jpg', 'image.jpg');
insert into images (id, data, file_type, filename) values (151, FILE_READ('src/main/resources/static/resources/images/flats/30.-DLX-800x533.jpg'), 'image/jpg', 'image.jpg');
insert into images (id, data, file_type, filename) values (152, FILE_READ('src/main/resources/static/resources/images/flats/30.-DLX-800x533.jpg'), 'image/jpg', 'image.jpg');
insert into images (id, data, file_type, filename) values (153, FILE_READ('src/main/resources/static/resources/images/flats/30.-DLX-800x533.jpg'), 'image/jpg', 'image.jpg');
insert into images (id, data, file_type, filename) values (154, FILE_READ('src/main/resources/static/resources/images/flats/30.-DLX-800x533.jpg'), 'image/jpg', 'image.jpg');
insert into images (id, data, file_type, filename) values (155, FILE_READ('src/main/resources/static/resources/images/flats/30.-DLX-800x533.jpg'), 'image/jpg', 'image.jpg');
insert into images (id, data, file_type, filename) values (156, FILE_READ('src/main/resources/static/resources/images/flats/30.-DLX-800x533.jpg'), 'image/jpg', 'image.jpg');
insert into images (id, data, file_type, filename) values (157, FILE_READ('src/main/resources/static/resources/images/flats/30.-DLX-800x533.jpg'), 'image/jpg', 'image.jpg');
insert into images (id, data, file_type, filename) values (158, FILE_READ('src/main/resources/static/resources/images/flats/30.-DLX-800x533.jpg'), 'image/jpg', 'image.jpg');
insert into images (id, data, file_type, filename) values (159, FILE_READ('src/main/resources/static/resources/images/flats/30.-DLX-800x533.jpg'), 'image/jpg', 'image.jpg');
insert into images (id, data, file_type, filename) values (160, FILE_READ('src/main/resources/static/resources/images/flats/30.-DLX-800x533.jpg'), 'image/jpg', 'image.jpg');
insert into images (id, data, file_type, filename) values (161, FILE_READ('src/main/resources/static/resources/images/flats/30.-DLX-800x533.jpg'), 'image/jpg', 'image.jpg');
insert into images (id, data, file_type, filename) values (162, FILE_READ('src/main/resources/static/resources/images/flats/30.-DLX-800x533.jpg'), 'image/jpg', 'image.jpg');
insert into images (id, data, file_type, filename) values (163, FILE_READ('src/main/resources/static/resources/images/flats/30.-DLX-800x533.jpg'), 'image/jpg', 'image.jpg');
insert into images (id, data, file_type, filename) values (164, FILE_READ('src/main/resources/static/resources/images/flats/30.-DLX-800x533.jpg'), 'image/jpg', 'image.jpg');
insert into images (id, data, file_type, filename) values (165, FILE_READ('src/main/resources/static/resources/images/flats/30.-DLX-800x533.jpg'), 'image/jpg', 'image.jpg');
insert into images (id, data, file_type, filename) values (166, FILE_READ('src/main/resources/static/resources/images/flats/30.-DLX-800x533.jpg'), 'image/jpg', 'image.jpg');
insert into images (id, data, file_type, filename) values (167, FILE_READ('src/main/resources/static/resources/images/flats/30.-DLX-800x533.jpg'), 'image/jpg', 'image.jpg');
insert into images (id, data, file_type, filename) values (168, FILE_READ('src/main/resources/static/resources/images/flats/30.-DLX-800x533.jpg'), 'image/jpg', 'image.jpg');
insert into images (id, data, file_type, filename) values (169, FILE_READ('src/main/resources/static/resources/images/flats/30.-DLX-800x533.jpg'), 'image/jpg', 'image.jpg');
insert into images (id, data, file_type, filename) values (170, FILE_READ('src/main/resources/static/resources/images/flats/30.-DLX-800x533.jpg'), 'image/jpg', 'image.jpg');
insert into images (id, data, file_type, filename) values (171, FILE_READ('src/main/resources/static/resources/images/flats/30.-DLX-800x533.jpg'), 'image/jpg', 'image.jpg');
insert into images (id, data, file_type, filename) values (172, FILE_READ('src/main/resources/static/resources/images/flats/30.-DLX-800x533.jpg'), 'image/jpg', 'image.jpg');
insert into images (id, data, file_type, filename) values (173, FILE_READ('src/main/resources/static/resources/images/flats/30.-DLX-800x533.jpg'), 'image/jpg', 'image.jpg');
insert into images (id, data, file_type, filename) values (174, FILE_READ('src/main/resources/static/resources/images/flats/30.-DLX-800x533.jpg'), 'image/jpg', 'image.jpg');
insert into images (id, data, file_type, filename) values (175, FILE_READ('src/main/resources/static/resources/images/flats/30.-DLX-800x533.jpg'), 'image/jpg', 'image.jpg');
insert into images (id, data, file_type, filename) values (176, FILE_READ('src/main/resources/static/resources/images/flats/30.-DLX-800x533.jpg'), 'image/jpg', 'image.jpg');
insert into images (id, data, file_type, filename) values (177, FILE_READ('src/main/resources/static/resources/images/flats/30.-DLX-800x533.jpg'), 'image/jpg', 'image.jpg');
insert into images (id, data, file_type, filename) values (178, FILE_READ('src/main/resources/static/resources/images/flats/30.-DLX-800x533.jpg'), 'image/jpg', 'image.jpg');
insert into images (id, data, file_type, filename) values (179, FILE_READ('src/main/resources/static/resources/images/flats/30.-DLX-800x533.jpg'), 'image/jpg', 'image.jpg');
insert into images (id, data, file_type, filename) values (180, FILE_READ('src/main/resources/static/resources/images/flats/30.-DLX-800x533.jpg'), 'image/jpg', 'image.jpg');
insert into images (id, data, file_type, filename) values (181, FILE_READ('src/main/resources/static/resources/images/flats/30.-DLX-800x533.jpg'), 'image/jpg', 'image.jpg');
insert into images (id, data, file_type, filename) values (182, FILE_READ('src/main/resources/static/resources/images/flats/30.-DLX-800x533.jpg'), 'image/jpg', 'image.jpg');
insert into images (id, data, file_type, filename) values (183, FILE_READ('src/main/resources/static/resources/images/flats/30.-DLX-800x533.jpg'), 'image/jpg', 'image.jpg');
insert into images (id, data, file_type, filename) values (184, FILE_READ('src/main/resources/static/resources/images/flats/30.-DLX-800x533.jpg'), 'image/jpg', 'image.jpg');
insert into images (id, data, file_type, filename) values (185, FILE_READ('src/main/resources/static/resources/images/flats/30.-DLX-800x533.jpg'), 'image/jpg', 'image.jpg');
insert into images (id, data, file_type, filename) values (186, FILE_READ('src/main/resources/static/resources/images/flats/30.-DLX-800x533.jpg'), 'image/jpg', 'image.jpg');
insert into images (id, data, file_type, filename) values (187, FILE_READ('src/main/resources/static/resources/images/flats/30.-DLX-800x533.jpg'), 'image/jpg', 'image.jpg');
insert into images (id, data, file_type, filename) values (188, FILE_READ('src/main/resources/static/resources/images/flats/30.-DLX-800x533.jpg'), 'image/jpg', 'image.jpg');
insert into images (id, data, file_type, filename) values (189, FILE_READ('src/main/resources/static/resources/images/flats/30.-DLX-800x533.jpg'), 'image/jpg', 'image.jpg');
insert into images (id, data, file_type, filename) values (190, FILE_READ('src/main/resources/static/resources/images/flats/30.-DLX-800x533.jpg'), 'image/jpg', 'image.jpg');
insert into images (id, data, file_type, filename) values (191, FILE_READ('src/main/resources/static/resources/images/flats/30.-DLX-800x533.jpg'), 'image/jpg', 'image.jpg');
insert into images (id, data, file_type, filename) values (192, FILE_READ('src/main/resources/static/resources/images/flats/30.-DLX-800x533.jpg'), 'image/jpg', 'image.jpg');
insert into images (id, data, file_type, filename) values (193, FILE_READ('src/main/resources/static/resources/images/flats/30.-DLX-800x533.jpg'), 'image/jpg', 'image.jpg');
insert into images (id, data, file_type, filename) values (194, FILE_READ('src/main/resources/static/resources/images/flats/30.-DLX-800x533.jpg'), 'image/jpg', 'image.jpg');
insert into images (id, data, file_type, filename) values (195, FILE_READ('src/main/resources/static/resources/images/flats/30.-DLX-800x533.jpg'), 'image/jpg', 'image.jpg');
insert into images (id, data, file_type, filename) values (196, FILE_READ('src/main/resources/static/resources/images/flats/30.-DLX-800x533.jpg'), 'image/jpg', 'image.jpg');
insert into images (id, data, file_type, filename) values (197, FILE_READ('src/main/resources/static/resources/images/flats/30.-DLX-800x533.jpg'), 'image/jpg', 'image.jpg');
insert into images (id, data, file_type, filename) values (198, FILE_READ('src/main/resources/static/resources/images/flats/30.-DLX-800x533.jpg'), 'image/jpg', 'image.jpg');
insert into images (id, data, file_type, filename) values (199, FILE_READ('src/main/resources/static/resources/images/flats/30.-DLX-800x533.jpg'), 'image/jpg', 'image.jpg');
insert into images (id, data, file_type, filename) values (200, FILE_READ('src/main/resources/static/resources/images/flats/30.-DLX-800x533.jpg'), 'image/jpg', 'image.jpg');
insert into images (id, data, file_type, filename) values (201, FILE_READ('src/main/resources/static/resources/images/flats/30.-DLX-800x533.jpg'), 'image/jpg', 'image.jpg');
insert into images (id, data, file_type, filename) values (202, FILE_READ('src/main/resources/static/resources/images/flats/30.-DLX-800x533.jpg'), 'image/jpg', 'image.jpg');
insert into images (id, data, file_type, filename) values (203, FILE_READ('src/main/resources/static/resources/images/flats/30.-DLX-800x533.jpg'), 'image/jpg', 'image.jpg');
insert into images (id, data, file_type, filename) values (204, FILE_READ('src/main/resources/static/resources/images/flats/30.-DLX-800x533.jpg'), 'image/jpg', 'image.jpg');
insert into images (id, data, file_type, filename) values (205, FILE_READ('src/main/resources/static/resources/images/flats/30.-DLX-800x533.jpg'), 'image/jpg', 'image.jpg');
insert into images (id, data, file_type, filename) values (206, FILE_READ('src/main/resources/static/resources/images/flats/30.-DLX-800x533.jpg'), 'image/jpg', 'image.jpg');
insert into images (id, data, file_type, filename) values (207, FILE_READ('src/main/resources/static/resources/images/flats/30.-DLX-800x533.jpg'), 'image/jpg', 'image.jpg');
insert into images (id, data, file_type, filename) values (208, FILE_READ('src/main/resources/static/resources/images/flats/30.-DLX-800x533.jpg'), 'image/jpg', 'image.jpg');
insert into images (id, data, file_type, filename) values (209, FILE_READ('src/main/resources/static/resources/images/flats/30.-DLX-800x533.jpg'), 'image/jpg', 'image.jpg');
insert into images (id, data, file_type, filename) values (210, FILE_READ('src/main/resources/static/resources/images/flats/30.-DLX-800x533.jpg'), 'image/jpg', 'image.jpg');
insert into images (id, data, file_type, filename) values (211, FILE_READ('src/main/resources/static/resources/images/flats/30.-DLX-800x533.jpg'), 'image/jpg', 'image.jpg');
insert into images (id, data, file_type, filename) values (212, FILE_READ('src/main/resources/static/resources/images/flats/30.-DLX-800x533.jpg'), 'image/jpg', 'image.jpg');
insert into images (id, data, file_type, filename) values (213, FILE_READ('src/main/resources/static/resources/images/flats/30.-DLX-800x533.jpg'), 'image/jpg', 'image.jpg');
insert into images (id, data, file_type, filename) values (214, FILE_READ('src/main/resources/static/resources/images/flats/30.-DLX-800x533.jpg'), 'image/jpg', 'image.jpg');
insert into images (id, data, file_type, filename) values (215, FILE_READ('src/main/resources/static/resources/images/flats/30.-DLX-800x533.jpg'), 'image/jpg', 'image.jpg');
insert into images (id, data, file_type, filename) values (216, FILE_READ('src/main/resources/static/resources/images/flats/30.-DLX-800x533.jpg'), 'image/jpg', 'image.jpg');
insert into images (id, data, file_type, filename) values (217, FILE_READ('src/main/resources/static/resources/images/flats/30.-DLX-800x533.jpg'), 'image/jpg', 'image.jpg');
insert into images (id, data, file_type, filename) values (218, FILE_READ('src/main/resources/static/resources/images/flats/30.-DLX-800x533.jpg'), 'image/jpg', 'image.jpg');
insert into images (id, data, file_type, filename) values (219, FILE_READ('src/main/resources/static/resources/images/flats/30.-DLX-800x533.jpg'), 'image/jpg', 'image.jpg');
insert into images (id, data, file_type, filename) values (220, FILE_READ('src/main/resources/static/resources/images/flats/30.-DLX-800x533.jpg'), 'image/jpg', 'image.jpg');
insert into images (id, data, file_type, filename) values (221, FILE_READ('src/main/resources/static/resources/images/flats/30.-DLX-800x533.jpg'), 'image/jpg', 'image.jpg');
insert into images (id, data, file_type, filename) values (222, FILE_READ('src/main/resources/static/resources/images/flats/30.-DLX-800x533.jpg'), 'image/jpg', 'image.jpg');
insert into images (id, data, file_type, filename) values (223, FILE_READ('src/main/resources/static/resources/images/flats/30.-DLX-800x533.jpg'), 'image/jpg', 'image.jpg');
insert into images (id, data, file_type, filename) values (224, FILE_READ('src/main/resources/static/resources/images/flats/30.-DLX-800x533.jpg'), 'image/jpg', 'image.jpg');
insert into images (id, data, file_type, filename) values (225, FILE_READ('src/main/resources/static/resources/images/flats/30.-DLX-800x533.jpg'), 'image/jpg', 'image.jpg');
insert into images (id, data, file_type, filename) values (226, FILE_READ('src/main/resources/static/resources/images/flats/30.-DLX-800x533.jpg'), 'image/jpg', 'image.jpg');
insert into images (id, data, file_type, filename) values (227, FILE_READ('src/main/resources/static/resources/images/flats/30.-DLX-800x533.jpg'), 'image/jpg', 'image.jpg');
insert into images (id, data, file_type, filename) values (228, FILE_READ('src/main/resources/static/resources/images/flats/30.-DLX-800x533.jpg'), 'image/jpg', 'image.jpg');
insert into images (id, data, file_type, filename) values (229, FILE_READ('src/main/resources/static/resources/images/flats/30.-DLX-800x533.jpg'), 'image/jpg', 'image.jpg');
insert into images (id, data, file_type, filename) values (230, FILE_READ('src/main/resources/static/resources/images/flats/30.-DLX-800x533.jpg'), 'image/jpg', 'image.jpg');
insert into images (id, data, file_type, filename) values (231, FILE_READ('src/main/resources/static/resources/images/flats/30.-DLX-800x533.jpg'), 'image/jpg', 'image.jpg');
insert into images (id, data, file_type, filename) values (232, FILE_READ('src/main/resources/static/resources/images/flats/30.-DLX-800x533.jpg'), 'image/jpg', 'image.jpg');
insert into images (id, data, file_type, filename) values (233, FILE_READ('src/main/resources/static/resources/images/flats/30.-DLX-800x533.jpg'), 'image/jpg', 'image.jpg');
insert into images (id, data, file_type, filename) values (234, FILE_READ('src/main/resources/static/resources/images/flats/30.-DLX-800x533.jpg'), 'image/jpg', 'image.jpg');
insert into images (id, data, file_type, filename) values (235, FILE_READ('src/main/resources/static/resources/images/flats/30.-DLX-800x533.jpg'), 'image/jpg', 'image.jpg');
insert into images (id, data, file_type, filename) values (236, FILE_READ('src/main/resources/static/resources/images/flats/30.-DLX-800x533.jpg'), 'image/jpg', 'image.jpg');
insert into images (id, data, file_type, filename) values (237, FILE_READ('src/main/resources/static/resources/images/flats/30.-DLX-800x533.jpg'), 'image/jpg', 'image.jpg');
insert into images (id, data, file_type, filename) values (238, FILE_READ('src/main/resources/static/resources/images/flats/30.-DLX-800x533.jpg'), 'image/jpg', 'image.jpg');
insert into images (id, data, file_type, filename) values (239, FILE_READ('src/main/resources/static/resources/images/flats/30.-DLX-800x533.jpg'), 'image/jpg', 'image.jpg');
insert into images (id, data, file_type, filename) values (240, FILE_READ('src/main/resources/static/resources/images/flats/30.-DLX-800x533.jpg'), 'image/jpg', 'image.jpg');
insert into images (id, data, file_type, filename) values (241, FILE_READ('src/main/resources/static/resources/images/flats/30.-DLX-800x533.jpg'), 'image/jpg', 'image.jpg');
insert into images (id, data, file_type, filename) values (242, FILE_READ('src/main/resources/static/resources/images/flats/30.-DLX-800x533.jpg'), 'image/jpg', 'image.jpg');
insert into images (id, data, file_type, filename) values (243, FILE_READ('src/main/resources/static/resources/images/flats/30.-DLX-800x533.jpg'), 'image/jpg', 'image.jpg');
insert into images (id, data, file_type, filename) values (244, FILE_READ('src/main/resources/static/resources/images/flats/30.-DLX-800x533.jpg'), 'image/jpg', 'image.jpg');
insert into images (id, data, file_type, filename) values (245, FILE_READ('src/main/resources/static/resources/images/flats/30.-DLX-800x533.jpg'), 'image/jpg', 'image.jpg');
insert into images (id, data, file_type, filename) values (246, FILE_READ('src/main/resources/static/resources/images/flats/30.-DLX-800x533.jpg'), 'image/jpg', 'image.jpg');
insert into images (id, data, file_type, filename) values (247, FILE_READ('src/main/resources/static/resources/images/flats/30.-DLX-800x533.jpg'), 'image/jpg', 'image.jpg');
insert into images (id, data, file_type, filename) values (248, FILE_READ('src/main/resources/static/resources/images/flats/30.-DLX-800x533.jpg'), 'image/jpg', 'image.jpg');
insert into images (id, data, file_type, filename) values (249, FILE_READ('src/main/resources/static/resources/images/flats/30.-DLX-800x533.jpg'), 'image/jpg', 'image.jpg');
insert into images (id, data, file_type, filename) values (250, FILE_READ('src/main/resources/static/resources/images/flats/30.-DLX-800x533.jpg'), 'image/jpg', 'image.jpg');
insert into images (id, data, file_type, filename) values (251, FILE_READ('src/main/resources/static/resources/images/flats/30.-DLX-800x533.jpg'), 'image/jpg', 'image.jpg');
insert into images (id, data, file_type, filename) values (252, FILE_READ('src/main/resources/static/resources/images/flats/30.-DLX-800x533.jpg'), 'image/jpg', 'image.jpg');
insert into images (id, data, file_type, filename) values (253, FILE_READ('src/main/resources/static/resources/images/flats/30.-DLX-800x533.jpg'), 'image/jpg', 'image.jpg');
insert into images (id, data, file_type, filename) values (254, FILE_READ('src/main/resources/static/resources/images/flats/30.-DLX-800x533.jpg'), 'image/jpg', 'image.jpg');
insert into images (id, data, file_type, filename) values (255, FILE_READ('src/main/resources/static/resources/images/flats/30.-DLX-800x533.jpg'), 'image/jpg', 'image.jpg');
insert into images (id, data, file_type, filename) values (256, FILE_READ('src/main/resources/static/resources/images/flats/30.-DLX-800x533.jpg'), 'image/jpg', 'image.jpg');
insert into images (id, data, file_type, filename) values (257, FILE_READ('src/main/resources/static/resources/images/flats/30.-DLX-800x533.jpg'), 'image/jpg', 'image.jpg');
insert into images (id, data, file_type, filename) values (258, FILE_READ('src/main/resources/static/resources/images/flats/30.-DLX-800x533.jpg'), 'image/jpg', 'image.jpg');
insert into images (id, data, file_type, filename) values (259, FILE_READ('src/main/resources/static/resources/images/flats/30.-DLX-800x533.jpg'), 'image/jpg', 'image.jpg');
insert into images (id, data, file_type, filename) values (260, FILE_READ('src/main/resources/static/resources/images/flats/30.-DLX-800x533.jpg'), 'image/jpg', 'image.jpg');
insert into images (id, data, file_type, filename) values (261, FILE_READ('src/main/resources/static/resources/images/flats/30.-DLX-800x533.jpg'), 'image/jpg', 'image.jpg');
insert into images (id, data, file_type, filename) values (262, FILE_READ('src/main/resources/static/resources/images/flats/30.-DLX-800x533.jpg'), 'image/jpg', 'image.jpg');
insert into images (id, data, file_type, filename) values (263, FILE_READ('src/main/resources/static/resources/images/flats/30.-DLX-800x533.jpg'), 'image/jpg', 'image.jpg');
insert into images (id, data, file_type, filename) values (264, FILE_READ('src/main/resources/static/resources/images/flats/30.-DLX-800x533.jpg'), 'image/jpg', 'image.jpg');
insert into images (id, data, file_type, filename) values (265, FILE_READ('src/main/resources/static/resources/images/flats/30.-DLX-800x533.jpg'), 'image/jpg', 'image.jpg');
insert into images (id, data, file_type, filename) values (266, FILE_READ('src/main/resources/static/resources/images/flats/30.-DLX-800x533.jpg'), 'image/jpg', 'image.jpg');
insert into images (id, data, file_type, filename) values (267, FILE_READ('src/main/resources/static/resources/images/flats/30.-DLX-800x533.jpg'), 'image/jpg', 'image.jpg');
insert into images (id, data, file_type, filename) values (268, FILE_READ('src/main/resources/static/resources/images/flats/30.-DLX-800x533.jpg'), 'image/jpg', 'image.jpg');
insert into images (id, data, file_type, filename) values (269, FILE_READ('src/main/resources/static/resources/images/flats/30.-DLX-800x533.jpg'), 'image/jpg', 'image.jpg');
insert into images (id, data, file_type, filename) values (270, FILE_READ('src/main/resources/static/resources/images/flats/30.-DLX-800x533.jpg'), 'image/jpg', 'image.jpg');

insert into flats_images (flat_id, images_id) values (1, 1);
insert into flats_images (flat_id, images_id) values (1, 2);
insert into flats_images (flat_id, images_id) values (1, 3);
insert into flats_images (flat_id, images_id) values (1, 4);
insert into flats_images (flat_id, images_id) values (1, 5);
insert into flats_images (flat_id, images_id) values (1, 6);
insert into flats_images (flat_id, images_id) values (2, 7);
insert into flats_images (flat_id, images_id) values (2, 8);
insert into flats_images (flat_id, images_id) values (2, 9);
insert into flats_images (flat_id, images_id) values (2, 10);
insert into flats_images (flat_id, images_id) values (2, 11);
insert into flats_images (flat_id, images_id) values (2, 12);
insert into flats_images (flat_id, images_id) values (3, 13);
insert into flats_images (flat_id, images_id) values (3, 14);
insert into flats_images (flat_id, images_id) values (3, 15);
insert into flats_images (flat_id, images_id) values (3, 16);
insert into flats_images (flat_id, images_id) values (3, 17);
insert into flats_images (flat_id, images_id) values (3, 18);
insert into flats_images (flat_id, images_id) values (4, 19);
insert into flats_images (flat_id, images_id) values (4, 20);
insert into flats_images (flat_id, images_id) values (4, 21);
insert into flats_images (flat_id, images_id) values (4, 22);
insert into flats_images (flat_id, images_id) values (4, 23);
insert into flats_images (flat_id, images_id) values (4, 24);
insert into flats_images (flat_id, images_id) values (5, 25);
insert into flats_images (flat_id, images_id) values (5, 26);
insert into flats_images (flat_id, images_id) values (5, 27);
insert into flats_images (flat_id, images_id) values (5, 28);
insert into flats_images (flat_id, images_id) values (5, 29);
insert into flats_images (flat_id, images_id) values (5, 30);
insert into flats_images (flat_id, images_id) values (6, 31);
insert into flats_images (flat_id, images_id) values (6, 32);
insert into flats_images (flat_id, images_id) values (6, 33);
insert into flats_images (flat_id, images_id) values (6, 34);
insert into flats_images (flat_id, images_id) values (6, 35);
insert into flats_images (flat_id, images_id) values (6, 36);
insert into flats_images (flat_id, images_id) values (7, 37);
insert into flats_images (flat_id, images_id) values (7, 38);
insert into flats_images (flat_id, images_id) values (7, 39);
insert into flats_images (flat_id, images_id) values (7, 40);
insert into flats_images (flat_id, images_id) values (7, 41);
insert into flats_images (flat_id, images_id) values (7, 42);
insert into flats_images (flat_id, images_id) values (8, 43);
insert into flats_images (flat_id, images_id) values (8, 44);
insert into flats_images (flat_id, images_id) values (8, 45);
insert into flats_images (flat_id, images_id) values (8, 46);
insert into flats_images (flat_id, images_id) values (8, 47);
insert into flats_images (flat_id, images_id) values (8, 48);
insert into flats_images (flat_id, images_id) values (9, 49);
insert into flats_images (flat_id, images_id) values (9, 50);
insert into flats_images (flat_id, images_id) values (9, 51);
insert into flats_images (flat_id, images_id) values (9, 52);
insert into flats_images (flat_id, images_id) values (9, 53);
insert into flats_images (flat_id, images_id) values (9, 54);
insert into flats_images (flat_id, images_id) values (10, 55);
insert into flats_images (flat_id, images_id) values (10, 56);
insert into flats_images (flat_id, images_id) values (10, 57);
insert into flats_images (flat_id, images_id) values (10, 58);
insert into flats_images (flat_id, images_id) values (10, 59);
insert into flats_images (flat_id, images_id) values (10, 60);
insert into flats_images (flat_id, images_id) values (11, 61);
insert into flats_images (flat_id, images_id) values (11, 62);
insert into flats_images (flat_id, images_id) values (11, 63);
insert into flats_images (flat_id, images_id) values (11, 64);
insert into flats_images (flat_id, images_id) values (11, 65);
insert into flats_images (flat_id, images_id) values (11, 66);
insert into flats_images (flat_id, images_id) values (12, 67);
insert into flats_images (flat_id, images_id) values (12, 68);
insert into flats_images (flat_id, images_id) values (12, 69);
insert into flats_images (flat_id, images_id) values (12, 70);
insert into flats_images (flat_id, images_id) values (12, 71);
insert into flats_images (flat_id, images_id) values (12, 72);
insert into flats_images (flat_id, images_id) values (13, 73);
insert into flats_images (flat_id, images_id) values (13, 74);
insert into flats_images (flat_id, images_id) values (13, 75);
insert into flats_images (flat_id, images_id) values (13, 76);
insert into flats_images (flat_id, images_id) values (13, 77);
insert into flats_images (flat_id, images_id) values (13, 78);
insert into flats_images (flat_id, images_id) values (14, 79);
insert into flats_images (flat_id, images_id) values (14, 80);
insert into flats_images (flat_id, images_id) values (14, 81);
insert into flats_images (flat_id, images_id) values (14, 82);
insert into flats_images (flat_id, images_id) values (14, 83);
insert into flats_images (flat_id, images_id) values (14, 84);
insert into flats_images (flat_id, images_id) values (15, 85);
insert into flats_images (flat_id, images_id) values (15, 86);
insert into flats_images (flat_id, images_id) values (15, 87);
insert into flats_images (flat_id, images_id) values (15, 88);
insert into flats_images (flat_id, images_id) values (15, 89);
insert into flats_images (flat_id, images_id) values (15, 90);
insert into flats_images (flat_id, images_id) values (16, 91);
insert into flats_images (flat_id, images_id) values (16, 92);
insert into flats_images (flat_id, images_id) values (16, 93);
insert into flats_images (flat_id, images_id) values (16, 94);
insert into flats_images (flat_id, images_id) values (16, 95);
insert into flats_images (flat_id, images_id) values (16, 96);
insert into flats_images (flat_id, images_id) values (17, 97);
insert into flats_images (flat_id, images_id) values (17, 98);
insert into flats_images (flat_id, images_id) values (17, 99);
insert into flats_images (flat_id, images_id) values (17, 100);
insert into flats_images (flat_id, images_id) values (17, 101);
insert into flats_images (flat_id, images_id) values (17, 102);
insert into flats_images (flat_id, images_id) values (18, 103);
insert into flats_images (flat_id, images_id) values (18, 104);
insert into flats_images (flat_id, images_id) values (18, 105);
insert into flats_images (flat_id, images_id) values (18, 106);
insert into flats_images (flat_id, images_id) values (18, 107);
insert into flats_images (flat_id, images_id) values (18, 108);
insert into flats_images (flat_id, images_id) values (19, 109);
insert into flats_images (flat_id, images_id) values (19, 110);
insert into flats_images (flat_id, images_id) values (19, 111);
insert into flats_images (flat_id, images_id) values (19, 112);
insert into flats_images (flat_id, images_id) values (19, 113);
insert into flats_images (flat_id, images_id) values (19, 114);
insert into flats_images (flat_id, images_id) values (20, 115);
insert into flats_images (flat_id, images_id) values (20, 116);
insert into flats_images (flat_id, images_id) values (20, 117);
insert into flats_images (flat_id, images_id) values (20, 118);
insert into flats_images (flat_id, images_id) values (20, 119);
insert into flats_images (flat_id, images_id) values (20, 120);
insert into flats_images (flat_id, images_id) values (21, 121);
insert into flats_images (flat_id, images_id) values (21, 122);
insert into flats_images (flat_id, images_id) values (21, 123);
insert into flats_images (flat_id, images_id) values (21, 124);
insert into flats_images (flat_id, images_id) values (21, 125);
insert into flats_images (flat_id, images_id) values (21, 126);
insert into flats_images (flat_id, images_id) values (22, 127);
insert into flats_images (flat_id, images_id) values (22, 128);
insert into flats_images (flat_id, images_id) values (22, 129);
insert into flats_images (flat_id, images_id) values (22, 130);
insert into flats_images (flat_id, images_id) values (22, 131);
insert into flats_images (flat_id, images_id) values (22, 132);
insert into flats_images (flat_id, images_id) values (23, 133);
insert into flats_images (flat_id, images_id) values (23, 134);
insert into flats_images (flat_id, images_id) values (23, 135);
insert into flats_images (flat_id, images_id) values (23, 136);
insert into flats_images (flat_id, images_id) values (23, 137);
insert into flats_images (flat_id, images_id) values (23, 138);
insert into flats_images (flat_id, images_id) values (24, 139);
insert into flats_images (flat_id, images_id) values (24, 140);
insert into flats_images (flat_id, images_id) values (24, 141);
insert into flats_images (flat_id, images_id) values (24, 142);
insert into flats_images (flat_id, images_id) values (24, 143);
insert into flats_images (flat_id, images_id) values (24, 144);
insert into flats_images (flat_id, images_id) values (25, 145);
insert into flats_images (flat_id, images_id) values (25, 146);
insert into flats_images (flat_id, images_id) values (25, 147);
insert into flats_images (flat_id, images_id) values (25, 148);
insert into flats_images (flat_id, images_id) values (25, 149);
insert into flats_images (flat_id, images_id) values (25, 150);
insert into flats_images (flat_id, images_id) values (26, 151);
insert into flats_images (flat_id, images_id) values (26, 152);
insert into flats_images (flat_id, images_id) values (26, 153);
insert into flats_images (flat_id, images_id) values (26, 154);
insert into flats_images (flat_id, images_id) values (26, 155);
insert into flats_images (flat_id, images_id) values (26, 156);
insert into flats_images (flat_id, images_id) values (27, 157);
insert into flats_images (flat_id, images_id) values (27, 158);
insert into flats_images (flat_id, images_id) values (27, 159);
insert into flats_images (flat_id, images_id) values (27, 160);
insert into flats_images (flat_id, images_id) values (27, 161);
insert into flats_images (flat_id, images_id) values (27, 162);
insert into flats_images (flat_id, images_id) values (28, 163);
insert into flats_images (flat_id, images_id) values (28, 164);
insert into flats_images (flat_id, images_id) values (28, 165);
insert into flats_images (flat_id, images_id) values (28, 166);
insert into flats_images (flat_id, images_id) values (28, 167);
insert into flats_images (flat_id, images_id) values (28, 168);
insert into flats_images (flat_id, images_id) values (29, 169);
insert into flats_images (flat_id, images_id) values (29, 170);
insert into flats_images (flat_id, images_id) values (29, 171);
insert into flats_images (flat_id, images_id) values (29, 172);
insert into flats_images (flat_id, images_id) values (29, 173);
insert into flats_images (flat_id, images_id) values (29, 174);
insert into flats_images (flat_id, images_id) values (30, 175);
insert into flats_images (flat_id, images_id) values (30, 176);
insert into flats_images (flat_id, images_id) values (30, 177);
insert into flats_images (flat_id, images_id) values (30, 178);
insert into flats_images (flat_id, images_id) values (30, 179);
insert into flats_images (flat_id, images_id) values (30, 180);
insert into flats_images (flat_id, images_id) values (31, 181);
insert into flats_images (flat_id, images_id) values (31, 182);
insert into flats_images (flat_id, images_id) values (31, 183);
insert into flats_images (flat_id, images_id) values (31, 184);
insert into flats_images (flat_id, images_id) values (31, 185);
insert into flats_images (flat_id, images_id) values (31, 186);
insert into flats_images (flat_id, images_id) values (32, 187);
insert into flats_images (flat_id, images_id) values (32, 188);
insert into flats_images (flat_id, images_id) values (32, 189);
insert into flats_images (flat_id, images_id) values (32, 190);
insert into flats_images (flat_id, images_id) values (32, 191);
insert into flats_images (flat_id, images_id) values (32, 192);
insert into flats_images (flat_id, images_id) values (33, 193);
insert into flats_images (flat_id, images_id) values (33, 194);
insert into flats_images (flat_id, images_id) values (33, 195);
insert into flats_images (flat_id, images_id) values (33, 196);
insert into flats_images (flat_id, images_id) values (33, 197);
insert into flats_images (flat_id, images_id) values (33, 198);
insert into flats_images (flat_id, images_id) values (34, 199);
insert into flats_images (flat_id, images_id) values (34, 200);
insert into flats_images (flat_id, images_id) values (34, 201);
insert into flats_images (flat_id, images_id) values (34, 202);
insert into flats_images (flat_id, images_id) values (34, 203);
insert into flats_images (flat_id, images_id) values (34, 204);
insert into flats_images (flat_id, images_id) values (35, 205);
insert into flats_images (flat_id, images_id) values (35, 206);
insert into flats_images (flat_id, images_id) values (35, 207);
insert into flats_images (flat_id, images_id) values (35, 208);
insert into flats_images (flat_id, images_id) values (35, 209);
insert into flats_images (flat_id, images_id) values (35, 210);
insert into flats_images (flat_id, images_id) values (36, 211);
insert into flats_images (flat_id, images_id) values (36, 212);
insert into flats_images (flat_id, images_id) values (36, 213);
insert into flats_images (flat_id, images_id) values (36, 214);
insert into flats_images (flat_id, images_id) values (36, 215);
insert into flats_images (flat_id, images_id) values (36, 216);
insert into flats_images (flat_id, images_id) values (37, 217);
insert into flats_images (flat_id, images_id) values (37, 218);
insert into flats_images (flat_id, images_id) values (37, 219);
insert into flats_images (flat_id, images_id) values (37, 220);
insert into flats_images (flat_id, images_id) values (37, 221);
insert into flats_images (flat_id, images_id) values (37, 222);
insert into flats_images (flat_id, images_id) values (38, 223);
insert into flats_images (flat_id, images_id) values (38, 224);
insert into flats_images (flat_id, images_id) values (38, 225);
insert into flats_images (flat_id, images_id) values (38, 226);
insert into flats_images (flat_id, images_id) values (38, 227);
insert into flats_images (flat_id, images_id) values (38, 228);
insert into flats_images (flat_id, images_id) values (39, 229);
insert into flats_images (flat_id, images_id) values (39, 230);
insert into flats_images (flat_id, images_id) values (39, 231);
insert into flats_images (flat_id, images_id) values (39, 232);
insert into flats_images (flat_id, images_id) values (39, 233);
insert into flats_images (flat_id, images_id) values (39, 234);
insert into flats_images (flat_id, images_id) values (40, 235);
insert into flats_images (flat_id, images_id) values (40, 236);
insert into flats_images (flat_id, images_id) values (40, 237);
insert into flats_images (flat_id, images_id) values (40, 238);
insert into flats_images (flat_id, images_id) values (40, 239);
insert into flats_images (flat_id, images_id) values (40, 240);
insert into flats_images (flat_id, images_id) values (41, 241);
insert into flats_images (flat_id, images_id) values (41, 242);
insert into flats_images (flat_id, images_id) values (41, 243);
insert into flats_images (flat_id, images_id) values (41, 244);
insert into flats_images (flat_id, images_id) values (41, 245);
insert into flats_images (flat_id, images_id) values (41, 246);
insert into flats_images (flat_id, images_id) values (42, 247);
insert into flats_images (flat_id, images_id) values (42, 248);
insert into flats_images (flat_id, images_id) values (42, 249);
insert into flats_images (flat_id, images_id) values (42, 250);
insert into flats_images (flat_id, images_id) values (42, 251);
insert into flats_images (flat_id, images_id) values (42, 252);
insert into flats_images (flat_id, images_id) values (43, 253);
insert into flats_images (flat_id, images_id) values (43, 254);
insert into flats_images (flat_id, images_id) values (43, 255);
insert into flats_images (flat_id, images_id) values (43, 256);
insert into flats_images (flat_id, images_id) values (43, 257);
insert into flats_images (flat_id, images_id) values (43, 258);
insert into flats_images (flat_id, images_id) values (44, 259);
insert into flats_images (flat_id, images_id) values (44, 260);
insert into flats_images (flat_id, images_id) values (44, 261);
insert into flats_images (flat_id, images_id) values (44, 262);
insert into flats_images (flat_id, images_id) values (44, 263);
insert into flats_images (flat_id, images_id) values (44, 264);
insert into flats_images (flat_id, images_id) values (45, 265);
insert into flats_images (flat_id, images_id) values (45, 266);
insert into flats_images (flat_id, images_id) values (45, 267);
insert into flats_images (flat_id, images_id) values (45, 268);
insert into flats_images (flat_id, images_id) values (45, 269);
insert into flats_images (flat_id, images_id) values (45, 270);

insert into advertisements (id, creation_date, description, price_per_month, requirements, title, flat_id) values (1, '2020-03-06', 'Vestibulum rutrum rutrum neque. Aenean auctor gravida sem.', '098', 'Nullam sit amet turpis elementum ligula vehicula consequat. Morbi a ipsum.', 'Advertisement 1', 1);
insert into advertisements (id, creation_date, description, price_per_month, requirements, title, flat_id) values (2, '2020-03-15', 'Nunc rhoncus dui vel sem. Sed sagittis.', '420', 'Curabitur gravida nisi at nibh. In hac habitasse platea dictumst.', 'Advertisement 2', 2);
insert into advertisements (id, creation_date, description, price_per_month, requirements, title, flat_id) values (3, '2020-01-25', 'Morbi non quam nec dui luctus rutrum. Nulla tellus.', '513', 'Donec semper sapien a libero. Nam dui.', 'Advertisement 3', 3);
insert into advertisements (id, creation_date, description, price_per_month, requirements, title, flat_id) values (4, '2020-01-04', 'Curabitur at ipsum ac tellus semper interdum. Mauris ullamcorper purus sit amet nulla.', '277', 'Pellentesque viverra pede ac diam. Cras pellentesque volutpat dui.', 'Advertisement 4', 4);
insert into advertisements (id, creation_date, description, price_per_month, requirements, title, flat_id) values (5, '2020-02-27', 'Mauris sit amet eros. Suspendisse accumsan tortor quis turpis.', '537', 'Nulla neque libero, convallis eget, eleifend luctus, ultricies eu, nibh. Quisque id justo sit amet sapien dignissim vestibulum.', 'Advertisement 5', 5);
insert into advertisements (id, creation_date, description, price_per_month, requirements, title, flat_id) values (6, '2020-04-07', 'Phasellus sit amet erat. Nulla tempus.', '367', 'Donec vitae nisi. Nam ultrices, libero non mattis pulvinar, nulla pede ullamcorper augue, a suscipit nulla elit ac nulla.', 'Advertisement 6', 6);
insert into advertisements (id, creation_date, description, price_per_month, requirements, title, flat_id) values (7, '2020-04-21', 'Nulla justo. Aliquam quis turpis eget elit sodales scelerisque.', '650', 'Nullam orci pede, venenatis non, sodales sed, tincidunt eu, felis. Fusce posuere felis sed lacus.', 'Advertisement 7', 7);
insert into advertisements (id, creation_date, description, price_per_month, requirements, title, flat_id) values (8, '2020-03-06', 'Donec odio justo, sollicitudin ut, suscipit a, feugiat et, eros. Vestibulum ac est lacinia nisi venenatis tristique.', '482', 'Proin risus. Praesent lectus.', 'Advertisement 8', 8);
insert into advertisements (id, creation_date, description, price_per_month, requirements, title, flat_id) values (9, '2020-02-07', 'In congue. Etiam justo.', '569', 'Fusce posuere felis sed lacus. Morbi sem mauris, laoreet ut, rhoncus aliquet, pulvinar sed, nisl.', 'Advertisement 9', 9);
insert into advertisements (id, creation_date, description, price_per_month, requirements, title, flat_id) values (10, '2020-03-01', 'Nam nulla. Integer pede justo, lacinia eget, tincidunt eget, tempus vel, pede.', '722', 'Sed accumsan felis. Ut at dolor quis odio consequat varius.', 'Advertisement 10', 10);
insert into advertisements (id, creation_date, description, price_per_month, requirements, title, flat_id) values (11, '2020-01-29', 'Morbi odio odio, elementum eu, interdum eu, tincidunt in, leo. Maecenas pulvinar lobortis est.', '971', 'Maecenas leo odio, condimentum id, luctus nec, molestie sed, justo. Pellentesque viverra pede ac diam.', 'Advertisement 11', 11);
insert into advertisements (id, creation_date, description, price_per_month, requirements, title, flat_id) values (12, '2020-04-21', 'Phasellus id sapien in sapien iaculis congue. Vivamus metus arcu, adipiscing molestie, hendrerit at, vulputate vitae, nisl.', '726', 'Maecenas ut massa quis augue luctus tincidunt. Nulla mollis molestie lorem.', 'Advertisement 12', 12);
insert into advertisements (id, creation_date, description, price_per_month, requirements, title, flat_id) values (13, '2020-02-08', 'Vivamus vel nulla eget eros elementum pellentesque. Quisque porta volutpat erat.', '439', 'Proin eu mi. Nulla ac enim.', 'Advertisement 13', 13);
insert into advertisements (id, creation_date, description, price_per_month, requirements, title, flat_id) values (14, '2020-03-24', 'Morbi quis tortor id nulla ultrices aliquet. Maecenas leo odio, condimentum id, luctus nec, molestie sed, justo.', '425', 'Etiam pretium iaculis justo. In hac habitasse platea dictumst.', 'Advertisement 14', 14);
insert into advertisements (id, creation_date, description, price_per_month, requirements, title, flat_id) values (15, '2020-02-24', 'Cras non velit nec nisi vulputate nonummy. Maecenas tincidunt lacus at velit.', '071', 'Nulla tellus. In sagittis dui vel nisl.', 'Advertisement 15', 15);
insert into advertisements (id, creation_date, description, price_per_month, requirements, title, flat_id) values (16, '2020-01-19', 'Morbi non quam nec dui luctus rutrum. Nulla tellus.', '023', 'Duis at velit eu est congue elementum. In hac habitasse platea dictumst.', 'Advertisement 16', 16);
insert into advertisements (id, creation_date, description, price_per_month, requirements, title, flat_id) values (17, '2020-02-17', 'Suspendisse ornare consequat lectus. In est risus, auctor sed, tristique in, tempus sit amet, sem.', '255', 'Maecenas ut massa quis augue luctus tincidunt. Nulla mollis molestie lorem.', 'Advertisement 17', 17);
insert into advertisements (id, creation_date, description, price_per_month, requirements, title, flat_id) values (18, '2020-01-01', 'Nullam sit amet turpis elementum ligula vehicula consequat. Morbi a ipsum.', '463', 'Cras in purus eu magna vulputate luctus. Cum sociis natoque penatibus et magnis dis parturient montes, nascetur ridiculus mus.', 'Advertisement 18', 18);
insert into advertisements (id, creation_date, description, price_per_month, requirements, title, flat_id) values (19, '2020-03-04', 'Aenean lectus. Pellentesque eget nunc.', '970', 'Nulla ac enim. In tempor, turpis nec euismod scelerisque, quam turpis adipiscing lorem, vitae mattis nibh ligula nec sem.', 'Advertisement 19', 19);
insert into advertisements (id, creation_date, description, price_per_month, requirements, title, flat_id) values (20, '2020-04-17', 'Nulla mollis molestie lorem. Quisque ut erat.', '173', 'Morbi odio odio, elementum eu, interdum eu, tincidunt in, leo. Maecenas pulvinar lobortis est.', 'Advertisement 20', 20);
insert into advertisements (id, creation_date, description, price_per_month, requirements, title, flat_id) values (21, '2020-01-09', 'Morbi a ipsum. Integer a nibh.', '861', 'Integer ac leo. Pellentesque ultrices mattis odio.', 'Advertisement 21', 21);
insert into advertisements (id, creation_date, description, price_per_month, requirements, title, flat_id) values (22, '2020-04-07', 'Nullam sit amet turpis elementum ligula vehicula consequat. Morbi a ipsum.', '939', 'Suspendisse potenti. Cras in purus eu magna vulputate luctus.', 'Advertisement 22', 22);
insert into advertisements (id, creation_date, description, price_per_month, requirements, title, flat_id) values (23, '2020-03-16', 'Nulla ac enim. In tempor, turpis nec euismod scelerisque, quam turpis adipiscing lorem, vitae mattis nibh ligula nec sem.', '630', 'Quisque porta volutpat erat. Quisque erat eros, viverra eget, congue eget, semper rutrum, nulla.', 'Advertisement 23', 23);
insert into advertisements (id, creation_date, description, price_per_month, requirements, title, flat_id) values (24, '2020-03-29', 'Integer ac leo. Pellentesque ultrices mattis odio.', '134', 'Aenean sit amet justo. Morbi ut odio.', 'Advertisement 24', 24);
insert into advertisements (id, creation_date, description, price_per_month, requirements, title, flat_id) values (25, '2020-03-22', 'Nam dui. Proin leo odio, porttitor id, consequat in, consequat ut, nulla.', '777', 'Quisque ut erat. Curabitur gravida nisi at nibh.', 'Advertisement 25', 25);
insert into advertisements (id, creation_date, description, price_per_month, requirements, title, flat_id) values (26, '2020-02-18', 'Morbi vel lectus in quam fringilla rhoncus. Mauris enim leo, rhoncus sed, vestibulum sit amet, cursus id, turpis.', '056', 'Vivamus in felis eu sapien cursus vestibulum. Proin eu mi.', 'Advertisement 26', 26);
insert into advertisements (id, creation_date, description, price_per_month, requirements, title, flat_id) values (27, '2020-04-10', 'Pellentesque at nulla. Suspendisse potenti.', '675', 'Aenean lectus. Pellentesque eget nunc.', 'Advertisement 27', 27);
insert into advertisements (id, creation_date, description, price_per_month, requirements, title, flat_id) values (28, '2020-03-08', 'Morbi non quam nec dui luctus rutrum. Nulla tellus.', '780', 'Phasellus id sapien in sapien iaculis congue. Vivamus metus arcu, adipiscing molestie, hendrerit at, vulputate vitae, nisl.', 'Advertisement 28', 28);
insert into advertisements (id, creation_date, description, price_per_month, requirements, title, flat_id) values (29, '2020-01-26', 'Duis aliquam convallis nunc. Proin at turpis a pede posuere nonummy.', '115', 'Ut tellus. Nulla ut erat id mauris vulputate elementum.', 'Advertisement 29', 29);
insert into advertisements (id, creation_date, description, price_per_month, requirements, title, flat_id) values (30, '2020-04-19', 'Duis ac nibh. Fusce lacus purus, aliquet at, feugiat non, pretium quis, lectus.', '029', 'Suspendisse potenti. Cras in purus eu magna vulputate luctus.', 'Advertisement 30', 30);
insert into advertisements (id, creation_date, description, price_per_month, requirements, title, flat_id) values (31, '2020-02-02', 'Duis consequat dui nec nisi volutpat eleifend. Donec ut dolor.', '926', 'Morbi ut odio. Cras mi pede, malesuada in, imperdiet et, commodo vulputate, justo.', 'Advertisement 31', 31);
insert into advertisements (id, creation_date, description, price_per_month, requirements, title, flat_id) values (32, '2020-02-22', 'Maecenas ut massa quis augue luctus tincidunt. Nulla mollis molestie lorem.', '608', 'Vestibulum ac est lacinia nisi venenatis tristique. Fusce congue, diam id ornare imperdiet, sapien urna pretium nisl, ut volutpat sapien arcu sed augue.', 'Advertisement 32', 32);
insert into advertisements (id, creation_date, description, price_per_month, requirements, title, flat_id) values (33, '2020-01-02', 'Vestibulum ante ipsum primis in faucibus orci luctus et ultrices posuere cubilia Curae; Mauris viverra diam vitae quam. Suspendisse potenti.', '723', 'Aenean auctor gravida sem. Praesent id massa id nisl venenatis lacinia.', 'Advertisement 33', 33);
insert into advertisements (id, creation_date, description, price_per_month, requirements, title, flat_id) values (34, '2020-04-05', 'Donec quis orci eget orci vehicula condimentum. Curabitur in libero ut massa volutpat convallis.', '956', 'Proin at turpis a pede posuere nonummy. Integer non velit.', 'Advertisement 34', 34);
insert into advertisements (id, creation_date, description, price_per_month, requirements, title, flat_id) values (35, '2020-04-03', 'Morbi vestibulum, velit id pretium iaculis, diam erat fermentum justo, nec condimentum neque sapien placerat ante. Nulla justo.', '006', 'Curabitur at ipsum ac tellus semper interdum. Mauris ullamcorper purus sit amet nulla.', 'Advertisement 35', 35);
insert into advertisements (id, creation_date, description, price_per_month, requirements, title, flat_id) values (36, '2020-02-12', 'Ut tellus. Nulla ut erat id mauris vulputate elementum.', '746', 'Aliquam sit amet diam in magna bibendum imperdiet. Nullam orci pede, venenatis non, sodales sed, tincidunt eu, felis.', 'Advertisement 36', 36);
insert into advertisements (id, creation_date, description, price_per_month, requirements, title, flat_id) values (37, '2020-04-22', 'Vestibulum ante ipsum primis in faucibus orci luctus et ultrices posuere cubilia Curae; Mauris viverra diam vitae quam. Suspendisse potenti.', '402', 'Cras in purus eu magna vulputate luctus. Cum sociis natoque penatibus et magnis dis parturient montes, nascetur ridiculus mus.', 'Advertisement 37', 37);
insert into advertisements (id, creation_date, description, price_per_month, requirements, title, flat_id) values (38, '2020-02-12', 'Donec vitae nisi. Nam ultrices, libero non mattis pulvinar, nulla pede ullamcorper augue, a suscipit nulla elit ac nulla.', '889', 'Vivamus vestibulum sagittis sapien. Cum sociis natoque penatibus et magnis dis parturient montes, nascetur ridiculus mus.', 'Advertisement 38', 38);
insert into advertisements (id, creation_date, description, price_per_month, requirements, title, flat_id) values (39, '2020-04-06', 'Nam ultrices, libero non mattis pulvinar, nulla pede ullamcorper augue, a suscipit nulla elit ac nulla. Sed vel enim sit amet nunc viverra dapibus.', '208', 'Phasellus sit amet erat. Nulla tempus.', 'Advertisement 39', 39);
insert into advertisements (id, creation_date, description, price_per_month, requirements, title, flat_id) values (40, '2020-03-12', 'Morbi non lectus. Aliquam sit amet diam in magna bibendum imperdiet.', '969', 'Aenean auctor gravida sem. Praesent id massa id nisl venenatis lacinia.', 'Advertisement 40', 40);
insert into advertisements (id, creation_date, description, price_per_month, requirements, title, flat_id) values (41, '2020-01-19', 'Fusce congue, diam id ornare imperdiet, sapien urna pretium nisl, ut volutpat sapien arcu sed augue. Aliquam erat volutpat.', '073', 'In sagittis dui vel nisl. Duis ac nibh.', 'Advertisement 41', 41);
insert into advertisements (id, creation_date, description, price_per_month, requirements, title, flat_id) values (42, '2020-02-12', 'Vestibulum ante ipsum primis in faucibus orci luctus et ultrices posuere cubilia Curae; Duis faucibus accumsan odio. Curabitur convallis.', '340', 'Vestibulum sed magna at nunc commodo placerat. Praesent blandit.', 'Advertisement 42', 42);
insert into advertisements (id, creation_date, description, price_per_month, requirements, title, flat_id) values (43, '2020-01-29', 'Donec ut dolor. Morbi vel lectus in quam fringilla rhoncus.', '679', 'Nulla ac enim. In tempor, turpis nec euismod scelerisque, quam turpis adipiscing lorem, vitae mattis nibh ligula nec sem.', 'Advertisement 43', 43);
insert into advertisements (id, creation_date, description, price_per_month, requirements, title, flat_id) values (44, '2020-01-12', 'Cras pellentesque volutpat dui. Maecenas tristique, est et tempus semper, est quam pharetra magna, ac consequat metus sapien ut nunc.', '500', 'Morbi odio odio, elementum eu, interdum eu, tincidunt in, leo. Maecenas pulvinar lobortis est.', 'Advertisement 44', 44);
insert into advertisements (id, creation_date, description, price_per_month, requirements, title, flat_id) values (45, '2020-04-06', 'Suspendisse potenti. Cras in purus eu magna vulputate luctus.', '974', 'Suspendisse accumsan tortor quis turpis. Sed ante.', 'Advertisement 45', 45);


insert into users (dtype, username, password, enabled, first_name, last_name, email, dni, phone_number, flat_id) values ('Tenant', 'rdunleavy0', 'Is-Dp2-G1-13', true, 'Rica', 'Dunleavy', 'rdunleavy0@irs.gov', '78829786J', '030620045', 1);
insert into users (dtype, username, password, enabled, first_name, last_name, email, dni, phone_number, flat_id) values ('Tenant', 'dballchin1', 'Is-Dp2-G1-13', true, 'Deb', 'Ballchin', 'dballchin1@irs.gov', '31676213Q', '253036420', 1);
insert into users (dtype, username, password, enabled, first_name, last_name, email, dni, phone_number, flat_id) values ('Tenant', 'owinslade2', 'Is-Dp2-G1-13', true, 'Osmund', 'Winslade', 'owinslade2@sphinn.com', '52723090R', '753753749', 2);
insert into users (dtype, username, password, enabled, first_name, last_name, email, dni, phone_number, flat_id) values ('Tenant', 'dlippiett3', 'Is-Dp2-G1-13', true, 'Davidson', 'Lippiett', 'dlippiett3@liveinternet.ru', '58692199C', '819891287', 2);
insert into users (dtype, username, password, enabled, first_name, last_name, email, dni, phone_number, flat_id) values ('Tenant', 'mkennifick4', 'Is-Dp2-G1-13', true, 'Mord', 'Kennifick', 'mkennifick4@tiny.cc', '32747881I', '455825727', 3);
insert into users (dtype, username, password, enabled, first_name, last_name, email, dni, phone_number, flat_id) values ('Tenant', 'anund5', 'Is-Dp2-G1-13', true, 'Aida', 'Nund', 'anund5@drupal.org', '85937525T', '305277382', 3);
insert into users (dtype, username, password, enabled, first_name, last_name, email, dni, phone_number, flat_id) values ('Tenant', 'cmccane6', 'Is-Dp2-G1-13', true, 'Chanda', 'McCane', 'cmccane6@who.int', '86562983F', '522847402', 4);
insert into users (dtype, username, password, enabled, first_name, last_name, email, dni, phone_number, flat_id) values ('Tenant', 'dmatskevich7', 'Is-Dp2-G1-13', true, 'Dag', 'Matskevich', 'dmatskevich7@yale.edu', '67848175H', '350282167', 4);
insert into users (dtype, username, password, enabled, first_name, last_name, email, dni, phone_number, flat_id) values ('Tenant', 'jshewsmith8', 'Is-Dp2-G1-13', true, 'Jason', 'Shewsmith', 'jshewsmith8@kickstarter.com', '45581460N', '501954830', 5);
insert into users (dtype, username, password, enabled, first_name, last_name, email, dni, phone_number, flat_id) values ('Tenant', 'rsquibb9', 'Is-Dp2-G1-13', true, 'Row', 'Squibb', 'rsquibb9@cbc.ca', '26193264M', '515158653', 5);
insert into users (dtype, username, password, enabled, first_name, last_name, email, dni, phone_number, flat_id) values ('Tenant', 'mbaudina', 'Is-Dp2-G1-13', true, 'Marnie', 'Baudin', 'mbaudina@china.com.cn', '98712536X', '641389950', 6);
insert into users (dtype, username, password, enabled, first_name, last_name, email, dni, phone_number, flat_id) values ('Tenant', 'cmullesb', 'Is-Dp2-G1-13', true, 'Cecilia', 'Mulles', 'cmullesb@squarespace.com', '54112011D', '185966529', 6);
insert into users (dtype, username, password, enabled, first_name, last_name, email, dni, phone_number, flat_id) values ('Tenant', 'tmaunsellc', 'Is-Dp2-G1-13', true, 'Trstram', 'Maunsell', 'tmaunsellc@scribd.com', '47775850M', '336562793', 7);
insert into users (dtype, username, password, enabled, first_name, last_name, email, dni, phone_number, flat_id) values ('Tenant', 'lcoadd', 'Is-Dp2-G1-13', true, 'Lavena', 'Coad', 'lcoadd@blogtalkradio.com', '34237507E', '224045757', 7);
insert into users (dtype, username, password, enabled, first_name, last_name, email, dni, phone_number, flat_id) values ('Tenant', 'cdowkere', 'Is-Dp2-G1-13', true, 'Cthrine', 'Dowker', 'cdowkere@cloudflare.com', '24145228S', '659583272', 8);
insert into users (dtype, username, password, enabled, first_name, last_name, email, dni, phone_number, flat_id) values ('Tenant', 'agrealeyf', 'Is-Dp2-G1-13', true, 'Alphard', 'Grealey', 'agrealeyf@europa.eu', '82072769P', '370923480', 8);
insert into users (dtype, username, password, enabled, first_name, last_name, email, dni, phone_number, flat_id) values ('Tenant', 'jdunnetg', 'Is-Dp2-G1-13', true, 'Jennilee', 'Dunnet', 'jdunnetg@wiley.com', '66326065X', '396599789', 9);
insert into users (dtype, username, password, enabled, first_name, last_name, email, dni, phone_number, flat_id) values ('Tenant', 'whounshamh', 'Is-Dp2-G1-13', true, 'Woodie', 'Hounsham', 'whounshamh@storify.com', '36724400J', '426940016', 9);
insert into users (dtype, username, password, enabled, first_name, last_name, email, dni, phone_number, flat_id) values ('Tenant', 'dgorhami', 'Is-Dp2-G1-13', true, 'Danice', 'Gorham', 'dgorhami@hp.com', '16504120J', '652591561', 10);
insert into users (dtype, username, password, enabled, first_name, last_name, email, dni, phone_number, flat_id) values ('Tenant', 'rpashej', 'Is-Dp2-G1-13', true, 'Ross', 'Pashe', 'rpashej@1und1.de', '37756785H', '105903566', 10);
insert into users (dtype, username, password, enabled, first_name, last_name, email, dni, phone_number, flat_id) values ('Tenant', 'gmanuaudk', 'Is-Dp2-G1-13', true, 'Goran', 'Manuaud', 'gmanuaudk@myspace.com', '47587424D', '330393987', 11);
insert into users (dtype, username, password, enabled, first_name, last_name, email, dni, phone_number, flat_id) values ('Tenant', 'rrowbottoml', 'Is-Dp2-G1-13', true, 'Randall', 'Rowbottom', 'rrowbottoml@un.org', '68309762H', '786771133', 11);
insert into users (dtype, username, password, enabled, first_name, last_name, email, dni, phone_number, flat_id) values ('Tenant', 'lricardoum', 'Is-Dp2-G1-13', true, 'Lizette', 'Ricardou', 'lricardoum@cbc.ca', '75532910Q', '156031807', 12);
insert into users (dtype, username, password, enabled, first_name, last_name, email, dni, phone_number, flat_id) values ('Tenant', 'cmingusn', 'Is-Dp2-G1-13', true, 'Candi', 'Mingus', 'cmingusn@qq.com', '05586588N', '061066816', 12);
insert into users (dtype, username, password, enabled, first_name, last_name, email, dni, phone_number, flat_id) values ('Tenant', 'bkellarto', 'Is-Dp2-G1-13', true, 'Bobbee', 'Kellart', 'bkellarto@japanpost.jp', '80274155A', '155858996', 13);
insert into users (dtype, username, password, enabled, first_name, last_name, email, dni, phone_number, flat_id) values ('Tenant', 'wsandesp', 'Is-Dp2-G1-13', true, 'Wallas', 'Sandes', 'wsandesp@bigcartel.com', '62421237I', '933230563', 13);
insert into users (dtype, username, password, enabled, first_name, last_name, email, dni, phone_number, flat_id) values ('Tenant', 'csingyardq', 'Is-Dp2-G1-13', true, 'Celestine', 'Singyard', 'csingyardq@google.com', '84010172M', '219724385', 14);
insert into users (dtype, username, password, enabled, first_name, last_name, email, dni, phone_number, flat_id) values ('Tenant', 'yklimkinr', 'Is-Dp2-G1-13', true, 'Yetta', 'Klimkin', 'yklimkinr@cloudflare.com', '79674328G', '039401557', 14);
insert into users (dtype, username, password, enabled, first_name, last_name, email, dni, phone_number, flat_id) values ('Tenant', 'hhowsleys', 'Is-Dp2-G1-13', true, 'Hulda', 'Howsley', 'hhowsleys@dailymail.co.uk', '13030911W', '243186126', 15);
insert into users (dtype, username, password, enabled, first_name, last_name, email, dni, phone_number, flat_id) values ('Tenant', 'htaysbilt', 'Is-Dp2-G1-13', true, 'Harmony', 'Taysbil', 'htaysbilt@sakura.ne.jp', '39654966B', '603517110', 15);
insert into users (dtype, username, password, enabled, first_name, last_name, email, dni, phone_number, flat_id) values ('Tenant', 'emacmenamieu', 'Is-Dp2-G1-13', true, 'Ermin', 'MacMenamie', 'emacmenamieu@chicagotribune.com', '26343511K', '809891006', 16);
insert into users (dtype, username, password, enabled, first_name, last_name, email, dni, phone_number, flat_id) values ('Tenant', 'vcloyv', 'Is-Dp2-G1-13', true, 'Vivie', 'Cloy', 'vcloyv@spiegel.de', '69593500X', '838112758', 16);
insert into users (dtype, username, password, enabled, first_name, last_name, email, dni, phone_number, flat_id) values ('Tenant', 'aviegasw', 'Is-Dp2-G1-13', true, 'Ashly', 'Viegas', 'aviegasw@fastcompany.com', '92819411F', '149515355', 17);
insert into users (dtype, username, password, enabled, first_name, last_name, email, dni, phone_number, flat_id) values ('Tenant', 'kfrowx', 'Is-Dp2-G1-13', true, 'Kandy', 'Frow', 'kfrowx@tripadvisor.com', '79580368R', '884440465', 17);
insert into users (dtype, username, password, enabled, first_name, last_name, email, dni, phone_number, flat_id) values ('Tenant', 'ebussely', 'Is-Dp2-G1-13', true, 'Edin', 'Bussel', 'ebussely@webs.com', '27575870T', '955668831', 18);
insert into users (dtype, username, password, enabled, first_name, last_name, email, dni, phone_number, flat_id) values ('Tenant', 'rvinnickz', 'Is-Dp2-G1-13', true, 'Rolph', 'Vinnick', 'rvinnickz@youtube.com', '65973063W', '697078430', 18);
insert into users (dtype, username, password, enabled, first_name, last_name, email, dni, phone_number, flat_id) values ('Tenant', 'mgaydon10', 'Is-Dp2-G1-13', true, 'Merv', 'Gaydon', 'mgaydon10@google.de', '20849307Y', '322034230', 19);
insert into users (dtype, username, password, enabled, first_name, last_name, email, dni, phone_number, flat_id) values ('Tenant', 'jgamet11', 'Is-Dp2-G1-13', true, 'Jere', 'Gamet', 'jgamet11@globo.com', '47194888D', '361636034', 19);
insert into users (dtype, username, password, enabled, first_name, last_name, email, dni, phone_number, flat_id) values ('Tenant', 'dlaroux12', 'Is-Dp2-G1-13', true, 'Dionysus', 'Laroux', 'dlaroux12@umich.edu', '55692148K', '604064542', 20);
insert into users (dtype, username, password, enabled, first_name, last_name, email, dni, phone_number, flat_id) values ('Tenant', 'hfilisov13', 'Is-Dp2-G1-13', true, 'Hagen', 'Filisov', 'hfilisov13@illinois.edu', '55438375F', '647312927', 20);
insert into users (dtype, username, password, enabled, first_name, last_name, email, dni, phone_number, flat_id) values ('Tenant', 'rjeavons14', 'Is-Dp2-G1-13', true, 'Reinaldo', 'Jeavons', 'rjeavons14@clickbank.net', '10319533K', '933252374', 21);
insert into users (dtype, username, password, enabled, first_name, last_name, email, dni, phone_number, flat_id) values ('Tenant', 'fdodge15', 'Is-Dp2-G1-13', true, 'Franciskus', 'Dodge', 'fdodge15@shareasale.com', '68066177F', '471844786', 21);
insert into users (dtype, username, password, enabled, first_name, last_name, email, dni, phone_number, flat_id) values ('Tenant', 'gprestedge16', 'Is-Dp2-G1-13', true, 'Gillie', 'Prestedge', 'gprestedge16@baidu.com', '37554036C', '365320475', 22);
insert into users (dtype, username, password, enabled, first_name, last_name, email, dni, phone_number, flat_id) values ('Tenant', 'cguerry17', 'Is-Dp2-G1-13', true, 'Cathrine', 'Guerry', 'cguerry17@businessinsider.com', '49784109S', '396823930', 22);
insert into users (dtype, username, password, enabled, first_name, last_name, email, dni, phone_number, flat_id) values ('Tenant', 'iantosik18', 'Is-Dp2-G1-13', true, 'Ignatius', 'Antosik', 'iantosik18@usgs.gov', '17665390A', '593459717', 23);
insert into users (dtype, username, password, enabled, first_name, last_name, email, dni, phone_number, flat_id) values ('Tenant', 'wcolleymore19', 'Is-Dp2-G1-13', true, 'Willis', 'Colleymore', 'wcolleymore19@amazon.co.uk', '21719013D', '315351105', 23);
insert into users (dtype, username, password, enabled, first_name, last_name, email, dni, phone_number, flat_id) values ('Tenant', 'jstienham1a', 'Is-Dp2-G1-13', true, 'Jimmy', 'Stienham', 'jstienham1a@free.fr', '04008424M', '661514255', 24);
insert into users (dtype, username, password, enabled, first_name, last_name, email, dni, phone_number, flat_id) values ('Tenant', 'vspillman1b', 'Is-Dp2-G1-13', true, 'Vinnie', 'Spillman', 'vspillman1b@ox.ac.uk', '65748180Y', '049410642', 24);
insert into users (dtype, username, password, enabled, first_name, last_name, email, dni, phone_number, flat_id) values ('Tenant', 'coxer1c', 'Is-Dp2-G1-13', true, 'Chane', 'Oxer', 'coxer1c@buzzfeed.com', '22602550R', '695091832', 25);
insert into users (dtype, username, password, enabled, first_name, last_name, email, dni, phone_number, flat_id) values ('Tenant', 'tpoile1d', 'Is-Dp2-G1-13', true, 'Tabbitha', 'Poile', 'tpoile1d@google.com', '51806634O', '117799450', 25);
insert into users (dtype, username, password, enabled, first_name, last_name, email, dni, phone_number, flat_id) values ('Tenant', 'lbadgers1e', 'Is-Dp2-G1-13', true, 'Lazaro', 'Badgers', 'lbadgers1e@goo.ne.jp', '35947815A', '755618803', 26);
insert into users (dtype, username, password, enabled, first_name, last_name, email, dni, phone_number, flat_id) values ('Tenant', 'zcrittal1f', 'Is-Dp2-G1-13', true, 'Zsazsa', 'Crittal', 'zcrittal1f@ucoz.ru', '30984535G', '546080359', 26);
insert into users (dtype, username, password, enabled, first_name, last_name, email, dni, phone_number, flat_id) values ('Tenant', 'bkeeping1g', 'Is-Dp2-G1-13', true, 'Benn', 'Keeping', 'bkeeping1g@rakuten.co.jp', '21201937K', '102347416', 27);
insert into users (dtype, username, password, enabled, first_name, last_name, email, dni, phone_number, flat_id) values ('Tenant', 'gdemerida1h', 'Is-Dp2-G1-13', true, 'Gabriello', 'de Merida', 'gdemerida1h@globo.com', '83792783L', '016487567', 27);
insert into users (dtype, username, password, enabled, first_name, last_name, email, dni, phone_number, flat_id) values ('Tenant', 'dcoggon1i', 'Is-Dp2-G1-13', true, 'Dulcine', 'Coggon', 'dcoggon1i@comsenz.com', '17439017P', '131869443', 28);
insert into users (dtype, username, password, enabled, first_name, last_name, email, dni, phone_number, flat_id) values ('Tenant', 'uzanioletti1j', 'Is-Dp2-G1-13', true, 'Udale', 'Zanioletti', 'uzanioletti1j@chronoengine.com', '25995671V', '976777021', 28);
insert into users (dtype, username, password, enabled, first_name, last_name, email, dni, phone_number, flat_id) values ('Tenant', 'nmeiner1k', 'Is-Dp2-G1-13', true, 'Noellyn', 'Meiner', 'nmeiner1k@clickbank.net', '68694421I', '324069615', 29);
insert into users (dtype, username, password, enabled, first_name, last_name, email, dni, phone_number, flat_id) values ('Tenant', 'ahollows1l', 'Is-Dp2-G1-13', true, 'Aylmar', 'Hollows', 'ahollows1l@rediff.com', '28816146J', '811548249', 29);
insert into users (dtype, username, password, enabled, first_name, last_name, email, dni, phone_number, flat_id) values ('Tenant', 'bfrancom1m', 'Is-Dp2-G1-13', true, 'Beale', 'Francom', 'bfrancom1m@salon.com', '86314700R', '544462800', 30);
insert into users (dtype, username, password, enabled, first_name, last_name, email, dni, phone_number, flat_id) values ('Tenant', 'rphonix1n', 'Is-Dp2-G1-13', true, 'Ruggiero', 'Phonix', 'rphonix1n@baidu.com', '56675415Y', '986607897', 30);
insert into users (dtype, username, password, enabled, first_name, last_name, email, dni, phone_number, flat_id) values ('Tenant', 'ejuszczyk1o', 'Is-Dp2-G1-13', true, 'Editha', 'Juszczyk', 'ejuszczyk1o@nhs.uk', '16476544T', '547655391', 31);
insert into users (dtype, username, password, enabled, first_name, last_name, email, dni, phone_number, flat_id) values ('Tenant', 'kwhatling1p', 'Is-Dp2-G1-13', true, 'Kincaid', 'Whatling', 'kwhatling1p@sakura.ne.jp', '41810575H', '002375257', 31);
insert into users (dtype, username, password, enabled, first_name, last_name, email, dni, phone_number, flat_id) values ('Tenant', 'gbaumber1q', 'Is-Dp2-G1-13', true, 'Gustavus', 'Baumber', 'gbaumber1q@odnoklassniki.ru', '33910473J', '201612341', 32);
insert into users (dtype, username, password, enabled, first_name, last_name, email, dni, phone_number, flat_id) values ('Tenant', 'forrom1r', 'Is-Dp2-G1-13', true, 'Fernanda', 'Orrom', 'forrom1r@hibu.com', '26746506P', '773174796', 32);
insert into users (dtype, username, password, enabled, first_name, last_name, email, dni, phone_number, flat_id) values ('Tenant', 'gimpy1s', 'Is-Dp2-G1-13', true, 'Gav', 'Impy', 'gimpy1s@dedecms.com', '96398420J', '008562942', 33);
insert into users (dtype, username, password, enabled, first_name, last_name, email, dni, phone_number, flat_id) values ('Tenant', 'emeco1t', 'Is-Dp2-G1-13', true, 'Earlie', 'Meco', 'emeco1t@myspace.com', '39441393B', '796824923', 33);
insert into users (dtype, username, password, enabled, first_name, last_name, email, dni, phone_number, flat_id) values ('Tenant', 'gprobin1u', 'Is-Dp2-G1-13', true, 'Gibb', 'Probin', 'gprobin1u@mozilla.com', '02543548O', '215973817', 34);
insert into users (dtype, username, password, enabled, first_name, last_name, email, dni, phone_number, flat_id) values ('Tenant', 'stesmond1v', 'Is-Dp2-G1-13', true, 'Stefa', 'Tesmond', 'stesmond1v@flavors.me', '71928930N', '495492627', 34);
insert into users (dtype, username, password, enabled, first_name, last_name, email, dni, phone_number, flat_id) values ('Tenant', 'cmarcome1w', 'Is-Dp2-G1-13', true, 'Camel', 'Marcome', 'cmarcome1w@blog.com', '01710611T', '904581865', 35);
insert into users (dtype, username, password, enabled, first_name, last_name, email, dni, phone_number, flat_id) values ('Tenant', 'kstummeyer1x', 'Is-Dp2-G1-13', true, 'Karlik', 'Stummeyer', 'kstummeyer1x@vinaora.com', '44736096W', '642505818', 35);
insert into users (dtype, username, password, enabled, first_name, last_name, email, dni, phone_number, flat_id) values ('Tenant', 'hseath1y', 'Is-Dp2-G1-13', true, 'Hedda', 'Seath', 'hseath1y@wikispaces.com', '97921972Y', '771227239', 36);
insert into users (dtype, username, password, enabled, first_name, last_name, email, dni, phone_number, flat_id) values ('Tenant', 'cmacmeekan1z', 'Is-Dp2-G1-13', true, 'Cherilynn', 'MacMeekan', 'cmacmeekan1z@usnews.com', '50732006P', '798122458', 36);
insert into users (dtype, username, password, enabled, first_name, last_name, email, dni, phone_number, flat_id) values ('Tenant', 'sknightly20', 'Is-Dp2-G1-13', true, 'Starr', 'Knightly', 'sknightly20@nasa.gov', '54523229M', '479923154', 37);
insert into users (dtype, username, password, enabled, first_name, last_name, email, dni, phone_number, flat_id) values ('Tenant', 'broby21', 'Is-Dp2-G1-13', true, 'Beret', 'Roby', 'broby21@instagram.com', '39280774H', '238190758', 37);
insert into users (dtype, username, password, enabled, first_name, last_name, email, dni, phone_number, flat_id) values ('Tenant', 'acordingly22', 'Is-Dp2-G1-13', true, 'Amabelle', 'Cordingly', 'acordingly22@weebly.com', '51457401W', '054295690', 38);
insert into users (dtype, username, password, enabled, first_name, last_name, email, dni, phone_number, flat_id) values ('Tenant', 'rbrason23', 'Is-Dp2-G1-13', true, 'Roland', 'Brason', 'rbrason23@ox.ac.uk', '82060276W', '898443547', 38);
insert into users (dtype, username, password, enabled, first_name, last_name, email, dni, phone_number, flat_id) values ('Tenant', 'dbacken24', 'Is-Dp2-G1-13', true, 'Donnamarie', 'Backen', 'dbacken24@amazon.co.uk', '51289487P', '522375437', 39);
insert into users (dtype, username, password, enabled, first_name, last_name, email, dni, phone_number, flat_id) values ('Tenant', 'afahrenbach25', 'Is-Dp2-G1-13', true, 'Adriane', 'Fahrenbach', 'afahrenbach25@time.com', '63853191S', '523493788', 39);
insert into users (dtype, username, password, enabled, first_name, last_name, email, dni, phone_number, flat_id) values ('Tenant', 'tcregeen26', 'Is-Dp2-G1-13', true, 'Tab', 'Cregeen', 'tcregeen26@facebook.com', '73501694G', '960643862', 40);
insert into users (dtype, username, password, enabled, first_name, last_name, email, dni, phone_number, flat_id) values ('Tenant', 'bpottinger27', 'Is-Dp2-G1-13', true, 'Bertina', 'Pottinger', 'bpottinger27@tripod.com', '82420270Z', '444625552', 40);
insert into users (dtype, username, password, enabled, first_name, last_name, email, dni, phone_number, flat_id) values ('Tenant', 'tscranney28', 'Is-Dp2-G1-13', true, 'Tann', 'Scranney', 'tscranney28@free.fr', '78933367D', '040029577', 41);
insert into users (dtype, username, password, enabled, first_name, last_name, email, dni, phone_number, flat_id) values ('Tenant', 'aryder29', 'Is-Dp2-G1-13', true, 'Aida', 'Ryder', 'aryder29@usa.gov', '26333191D', '903249573', 41);
insert into users (dtype, username, password, enabled, first_name, last_name, email, dni, phone_number, flat_id) values ('Tenant', 'scuncliffe2a', 'Is-Dp2-G1-13', true, 'Sybilla', 'Cuncliffe', 'scuncliffe2a@360.cn', '68636581Y', '241171321', 42);
insert into users (dtype, username, password, enabled, first_name, last_name, email, dni, phone_number, flat_id) values ('Tenant', 'mfyndon2b', 'Is-Dp2-G1-13', true, 'Matteo', 'Fyndon', 'mfyndon2b@scientificamerican.com', '82481376F', '368831443', 42);
insert into users (dtype, username, password, enabled, first_name, last_name, email, dni, phone_number, flat_id) values ('Tenant', 'fchatainier2c', 'Is-Dp2-G1-13', true, 'Fayette', 'Chatainier', 'fchatainier2c@csmonitor.com', '15823242W', '552838970', 43);
insert into users (dtype, username, password, enabled, first_name, last_name, email, dni, phone_number, flat_id) values ('Tenant', 'bheed2d', 'Is-Dp2-G1-13', true, 'Buddie', 'Heed', 'bheed2d@list-manage.com', '25702608C', '301635053', 43);
insert into users (dtype, username, password, enabled, first_name, last_name, email, dni, phone_number, flat_id) values ('Tenant', 'jscholer2e', 'Is-Dp2-G1-13', true, 'Johnny', 'Scholer', 'jscholer2e@sun.com', '81517369D', '438005055', 44);
insert into users (dtype, username, password, enabled, first_name, last_name, email, dni, phone_number, flat_id) values ('Tenant', 'svear2f', 'Is-Dp2-G1-13', true, 'Salome', 'Vear', 'svear2f@mail.ru', '59062773I', '114146876', 44);
insert into users (dtype, username, password, enabled, first_name, last_name, email, dni, phone_number, flat_id) values ('Tenant', 'rgeorges2g', 'Is-Dp2-G1-13', true, 'Roana', 'Georges', 'rgeorges2g@furl.net', '02257257V', '246304842', 45);
insert into users (dtype, username, password, enabled, first_name, last_name, email, dni, phone_number, flat_id) values ('Tenant', 'belion2h', 'Is-Dp2-G1-13', true, 'Bridie', 'Elion', 'belion2h@xinhuanet.com', '80462844B', '465283339', 45);
insert into users (dtype, username, password, enabled, first_name, last_name, email, dni, phone_number, flat_id) values ('Tenant', 'creuble0', 'Is-Dp2-G1-13', true, 'Clywd', 'Reuble', 'creuble0@baidu.com', '62444544H', '364633193', null);
insert into users (dtype, username, password, enabled, first_name, last_name, email, dni, phone_number, flat_id) values ('Tenant', 'hcorday1', 'Is-Dp2-G1-13', true, 'Hoyt', 'Corday', 'hcorday1@indiegogo.com', '26281355I', '339193810', null);
insert into users (dtype, username, password, enabled, first_name, last_name, email, dni, phone_number, flat_id) values ('Tenant', 'wnotman2', 'Is-Dp2-G1-13', true, 'Winny', 'Notman', 'wnotman2@ibm.com', '11719296M', '090011605', null);
insert into users (dtype, username, password, enabled, first_name, last_name, email, dni, phone_number, flat_id) values ('Tenant', 'rsyvret3', 'Is-Dp2-G1-13', true, 'Reinwald', 'Syvret', 'rsyvret3@seattletimes.com', '71945823F', '491416848', null);
insert into users (dtype, username, password, enabled, first_name, last_name, email, dni, phone_number, flat_id) values ('Tenant', 'idachey4', 'Is-Dp2-G1-13', true, 'Immanuel', 'Dachey', 'idachey4@artisteer.com', '80573209C', '161451990', null);
insert into users (dtype, username, password, enabled, first_name, last_name, email, dni, phone_number, flat_id) values ('Tenant', 'adrakard5', 'Is-Dp2-G1-13', true, 'Agace', 'Drakard', 'adrakard5@ycombinator.com', '79977509N', '564014588', null);
insert into users (dtype, username, password, enabled, first_name, last_name, email, dni, phone_number, flat_id) values ('Tenant', 'mmousley6', 'Is-Dp2-G1-13', true, 'Maureene', 'Mousley', 'mmousley6@bizjournals.com', '69554837R', '055095992', null);
insert into users (dtype, username, password, enabled, first_name, last_name, email, dni, phone_number, flat_id) values ('Tenant', 'aarnoldi7', 'Is-Dp2-G1-13', true, 'Adrian', 'Arnoldi', 'aarnoldi7@mozilla.com', '02699815N', '125423471', null);
insert into users (dtype, username, password, enabled, first_name, last_name, email, dni, phone_number, flat_id) values ('Tenant', 'adacres8', 'Is-Dp2-G1-13', true, 'Atalanta', 'Dacres', 'adacres8@goodreads.com', '18558012P', '134722957', null);
insert into users (dtype, username, password, enabled, first_name, last_name, email, dni, phone_number, flat_id) values ('Tenant', 'jdrysdale9', 'Is-Dp2-G1-13', true, 'Jocelin', 'Drysdale', 'jdrysdale9@state.tx.us', '14873418Y', '121168673', null);
insert into users (dtype, username, password, enabled, first_name, last_name, email, dni, phone_number, flat_id) values ('Tenant', 'apranglea', 'Is-Dp2-G1-13', true, 'Annabelle', 'Prangle', 'apranglea@nymag.com', '91568878W', '096626330', null);
insert into users (dtype, username, password, enabled, first_name, last_name, email, dni, phone_number, flat_id) values ('Tenant', 'credierb', 'Is-Dp2-G1-13', true, 'Casar', 'Redier', 'credierb@ihg.com', '44671988P', '899925582', null);
insert into users (dtype, username, password, enabled, first_name, last_name, email, dni, phone_number, flat_id) values ('Tenant', 'ocrightenc', 'Is-Dp2-G1-13', true, 'Odele', 'Crighten', 'ocrightenc@jimdo.com', '25868570D', '674891216', null);
insert into users (dtype, username, password, enabled, first_name, last_name, email, dni, phone_number, flat_id) values ('Tenant', 'jwoodhalld', 'Is-Dp2-G1-13', true, 'Jillie', 'Woodhall', 'jwoodhalld@webmd.com', '24057003O', '910372731', null);
insert into users (dtype, username, password, enabled, first_name, last_name, email, dni, phone_number, flat_id) values ('Tenant', 'mveljese', 'Is-Dp2-G1-13', true, 'Maddy', 'Veljes', 'mveljese@miitbeian.gov.cn', '37188794Z', '097373103', null);
insert into users (dtype, username, password, enabled, first_name, last_name, email, dni, phone_number, flat_id) values ('Tenant', 'wleggatf', 'Is-Dp2-G1-13', true, 'Wyndham', 'Leggat', 'wleggatf@live.com', '61123502V', '566146641', null);
insert into users (dtype, username, password, enabled, first_name, last_name, email, dni, phone_number, flat_id) values ('Tenant', 'wsneezumg', 'Is-Dp2-G1-13', true, 'Ware', 'Sneezum', 'wsneezumg@eventbrite.com', '39765755N', '897331830', null);
insert into users (dtype, username, password, enabled, first_name, last_name, email, dni, phone_number, flat_id) values ('Tenant', 'mkingzeth', 'Is-Dp2-G1-13', true, 'Madelin', 'Kingzet', 'mkingzeth@dagondesign.com', '53555955R', '017987502', null);
insert into users (dtype, username, password, enabled, first_name, last_name, email, dni, phone_number, flat_id) values ('Tenant', 'dalexanderi', 'Is-Dp2-G1-13', true, 'Desmond', 'Alexander', 'dalexanderi@chron.com', '60969151Z', '117498824', null);
insert into users (dtype, username, password, enabled, first_name, last_name, email, dni, phone_number, flat_id) values ('Tenant', 'btowlj', 'Is-Dp2-G1-13', true, 'Beverie', 'Towl', 'btowlj@admin.ch', '00866830N', '586997966', null);
insert into users (dtype, username, password, enabled, first_name, last_name, email, dni, phone_number, flat_id) values ('Tenant', 'phucksk', 'Is-Dp2-G1-13', true, 'Peirce', 'Hucks', 'phucksk@ihg.com', '91585042Y', '008900892', null);
insert into users (dtype, username, password, enabled, first_name, last_name, email, dni, phone_number, flat_id) values ('Tenant', 'bstarel', 'Is-Dp2-G1-13', true, 'Barbette', 'Stare', 'bstarel@oracle.com', '74689862R', '734549924', null);
insert into users (dtype, username, password, enabled, first_name, last_name, email, dni, phone_number, flat_id) values ('Tenant', 'penrdigom', 'Is-Dp2-G1-13', true, 'Patrizia', 'Enrdigo', 'penrdigom@xinhuanet.com', '30921209A', '383489102', null);
insert into users (dtype, username, password, enabled, first_name, last_name, email, dni, phone_number, flat_id) values ('Tenant', 'nsmetounn', 'Is-Dp2-G1-13', true, 'Nichols', 'Smetoun', 'nsmetounn@amazon.de', '04963508B', '067853489', null);
insert into users (dtype, username, password, enabled, first_name, last_name, email, dni, phone_number, flat_id) values ('Tenant', 'mmckinneyo', 'Is-Dp2-G1-13', true, 'Melly', 'McKinney', 'mmckinneyo@squidoo.com', '17840586V', '455239581', null);
insert into users (dtype, username, password, enabled, first_name, last_name, email, dni, phone_number, flat_id) values ('Tenant', 'hrollingsp', 'Is-Dp2-G1-13', true, 'Harriett', 'Rollings', 'hrollingsp@comcast.net', '92545153Y', '724954635', null);
insert into users (dtype, username, password, enabled, first_name, last_name, email, dni, phone_number, flat_id) values ('Tenant', 'bcarsonq', 'Is-Dp2-G1-13', true, 'Brandais', 'Carson', 'bcarsonq@engadget.com', '30760630B', '933436566', null);
insert into users (dtype, username, password, enabled, first_name, last_name, email, dni, phone_number, flat_id) values ('Tenant', 'jfarmloer', 'Is-Dp2-G1-13', true, 'Julina', 'Farmloe', 'jfarmloer@wikipedia.org', '45735456G', '997947379', null);
insert into users (dtype, username, password, enabled, first_name, last_name, email, dni, phone_number, flat_id) values ('Tenant', 'cmilans', 'Is-Dp2-G1-13', true, 'Cary', 'Milan', 'cmilans@elegantthemes.com', '67047901T', '626717021', null);
insert into users (dtype, username, password, enabled, first_name, last_name, email, dni, phone_number, flat_id) values ('Tenant', 'acavellt', 'Is-Dp2-G1-13', true, 'Adel', 'Cavell', 'acavellt@canalblog.com', '04438892Z', '013355537', null);
insert into users (dtype, username, password, enabled, first_name, last_name, email, dni, phone_number, flat_id) values ('Tenant', 'dhellyaru', 'Is-Dp2-G1-13', true, 'Demeter', 'Hellyar', 'dhellyaru@eventbrite.com', '75843047Q', '669005844', null);
insert into users (dtype, username, password, enabled, first_name, last_name, email, dni, phone_number, flat_id) values ('Tenant', 'gjilkesv', 'Is-Dp2-G1-13', true, 'Gale', 'Jilkes', 'gjilkesv@mashable.com', '31849079A', '795350689', null);
insert into users (dtype, username, password, enabled, first_name, last_name, email, dni, phone_number, flat_id) values ('Tenant', 'mleacyw', 'Is-Dp2-G1-13', true, 'Marietta', 'Leacy', 'mleacyw@yahoo.co.jp', '17905150H', '705798032', null);
insert into users (dtype, username, password, enabled, first_name, last_name, email, dni, phone_number, flat_id) values ('Tenant', 'hlillgardx', 'Is-Dp2-G1-13', true, 'Hadley', 'Lillgard', 'hlillgardx@google.de', '61904341M', '558147100', null);
insert into users (dtype, username, password, enabled, first_name, last_name, email, dni, phone_number, flat_id) values ('Tenant', 'tduplany', 'Is-Dp2-G1-13', true, 'Talyah', 'Duplan', 'tduplany@addtoany.com', '76554864X', '875259578', null);
insert into users (dtype, username, password, enabled, first_name, last_name, email, dni, phone_number, flat_id) values ('Tenant', 'mdroverz', 'Is-Dp2-G1-13', true, 'Mersey', 'Drover', 'mdroverz@merriam-webster.com', '34919869G', '161308096', null);
insert into users (dtype, username, password, enabled, first_name, last_name, email, dni, phone_number, flat_id) values ('Tenant', 'bwigmore10', 'Is-Dp2-G1-13', true, 'Babs', 'Wigmore', 'bwigmore10@sina.com.cn', '68636535E', '977077154', null);
insert into users (dtype, username, password, enabled, first_name, last_name, email, dni, phone_number, flat_id) values ('Tenant', 'flongbothom11', 'Is-Dp2-G1-13', true, 'Fabio', 'Longbothom', 'flongbothom11@chronoengine.com', '04199701J', '356520759', null);
insert into users (dtype, username, password, enabled, first_name, last_name, email, dni, phone_number, flat_id) values ('Tenant', 'igrandisson12', 'Is-Dp2-G1-13', true, 'Ida', 'Grandisson', 'igrandisson12@qq.com', '66834580A', '422301656', null);
insert into users (dtype, username, password, enabled, first_name, last_name, email, dni, phone_number, flat_id) values ('Tenant', 'blivzey13', 'Is-Dp2-G1-13', true, 'Burty', 'Livzey', 'blivzey13@hatena.ne.jp', '85081788N', '517706305', null);
insert into users (dtype, username, password, enabled, first_name, last_name, email, dni, phone_number, flat_id) values ('Tenant', 'fbunch14', 'Is-Dp2-G1-13', true, 'Filip', 'Bunch', 'fbunch14@symantec.com', '46344503W', '570421290', null);
insert into users (dtype, username, password, enabled, first_name, last_name, email, dni, phone_number, flat_id) values ('Tenant', 'lhaffard15', 'Is-Dp2-G1-13', true, 'Liuka', 'Haffard', 'lhaffard15@cnet.com', '80757512V', '173017579', null);
insert into users (dtype, username, password, enabled, first_name, last_name, email, dni, phone_number, flat_id) values ('Tenant', 'mgeraudy16', 'Is-Dp2-G1-13', true, 'Marcile', 'Geraudy', 'mgeraudy16@globo.com', '15329878A', '868437962', null);
insert into users (dtype, username, password, enabled, first_name, last_name, email, dni, phone_number, flat_id) values ('Tenant', 'hhalton17', 'Is-Dp2-G1-13', true, 'Holly', 'Halton', 'hhalton17@boston.com', '48600065M', '803080890', null);
insert into users (dtype, username, password, enabled, first_name, last_name, email, dni, phone_number, flat_id) values ('Tenant', 'itendahl18', 'Is-Dp2-G1-13', true, 'Inglebert', 'Tendahl', 'itendahl18@constantcontact.com', '58950486K', '537399244', null);
insert into authorities (username, authority) values ('', 'TENANT');
insert into authorities (username, authority) values ('rdunleavy0', 'TENANT');
insert into authorities (username, authority) values ('dballchin1', 'TENANT');
insert into authorities (username, authority) values ('owinslade2', 'TENANT');
insert into authorities (username, authority) values ('dlippiett3', 'TENANT');
insert into authorities (username, authority) values ('mkennifick4', 'TENANT');
insert into authorities (username, authority) values ('anund5', 'TENANT');
insert into authorities (username, authority) values ('cmccane6', 'TENANT');
insert into authorities (username, authority) values ('dmatskevich7', 'TENANT');
insert into authorities (username, authority) values ('jshewsmith8', 'TENANT');
insert into authorities (username, authority) values ('rsquibb9', 'TENANT');
insert into authorities (username, authority) values ('mbaudina', 'TENANT');
insert into authorities (username, authority) values ('cmullesb', 'TENANT');
insert into authorities (username, authority) values ('tmaunsellc', 'TENANT');
insert into authorities (username, authority) values ('lcoadd', 'TENANT');
insert into authorities (username, authority) values ('cdowkere', 'TENANT');
insert into authorities (username, authority) values ('agrealeyf', 'TENANT');
insert into authorities (username, authority) values ('jdunnetg', 'TENANT');
insert into authorities (username, authority) values ('whounshamh', 'TENANT');
insert into authorities (username, authority) values ('dgorhami', 'TENANT');
insert into authorities (username, authority) values ('rpashej', 'TENANT');
insert into authorities (username, authority) values ('gmanuaudk', 'TENANT');
insert into authorities (username, authority) values ('rrowbottoml', 'TENANT');
insert into authorities (username, authority) values ('lricardoum', 'TENANT');
insert into authorities (username, authority) values ('cmingusn', 'TENANT');
insert into authorities (username, authority) values ('bkellarto', 'TENANT');
insert into authorities (username, authority) values ('wsandesp', 'TENANT');
insert into authorities (username, authority) values ('csingyardq', 'TENANT');
insert into authorities (username, authority) values ('yklimkinr', 'TENANT');
insert into authorities (username, authority) values ('hhowsleys', 'TENANT');
insert into authorities (username, authority) values ('htaysbilt', 'TENANT');
insert into authorities (username, authority) values ('emacmenamieu', 'TENANT');
insert into authorities (username, authority) values ('vcloyv', 'TENANT');
insert into authorities (username, authority) values ('aviegasw', 'TENANT');
insert into authorities (username, authority) values ('kfrowx', 'TENANT');
insert into authorities (username, authority) values ('ebussely', 'TENANT');
insert into authorities (username, authority) values ('rvinnickz', 'TENANT');
insert into authorities (username, authority) values ('mgaydon10', 'TENANT');
insert into authorities (username, authority) values ('jgamet11', 'TENANT');
insert into authorities (username, authority) values ('dlaroux12', 'TENANT');
insert into authorities (username, authority) values ('hfilisov13', 'TENANT');
insert into authorities (username, authority) values ('rjeavons14', 'TENANT');
insert into authorities (username, authority) values ('fdodge15', 'TENANT');
insert into authorities (username, authority) values ('gprestedge16', 'TENANT');
insert into authorities (username, authority) values ('cguerry17', 'TENANT');
insert into authorities (username, authority) values ('iantosik18', 'TENANT');
insert into authorities (username, authority) values ('wcolleymore19', 'TENANT');
insert into authorities (username, authority) values ('jstienham1a', 'TENANT');
insert into authorities (username, authority) values ('vspillman1b', 'TENANT');
insert into authorities (username, authority) values ('coxer1c', 'TENANT');
insert into authorities (username, authority) values ('tpoile1d', 'TENANT');
insert into authorities (username, authority) values ('lbadgers1e', 'TENANT');
insert into authorities (username, authority) values ('zcrittal1f', 'TENANT');
insert into authorities (username, authority) values ('bkeeping1g', 'TENANT');
insert into authorities (username, authority) values ('gdemerida1h', 'TENANT');
insert into authorities (username, authority) values ('dcoggon1i', 'TENANT');
insert into authorities (username, authority) values ('uzanioletti1j', 'TENANT');
insert into authorities (username, authority) values ('nmeiner1k', 'TENANT');
insert into authorities (username, authority) values ('ahollows1l', 'TENANT');
insert into authorities (username, authority) values ('bfrancom1m', 'TENANT');
insert into authorities (username, authority) values ('rphonix1n', 'TENANT');
insert into authorities (username, authority) values ('ejuszczyk1o', 'TENANT');
insert into authorities (username, authority) values ('kwhatling1p', 'TENANT');
insert into authorities (username, authority) values ('gbaumber1q', 'TENANT');
insert into authorities (username, authority) values ('forrom1r', 'TENANT');
insert into authorities (username, authority) values ('gimpy1s', 'TENANT');
insert into authorities (username, authority) values ('emeco1t', 'TENANT');
insert into authorities (username, authority) values ('gprobin1u', 'TENANT');
insert into authorities (username, authority) values ('stesmond1v', 'TENANT');
insert into authorities (username, authority) values ('cmarcome1w', 'TENANT');
insert into authorities (username, authority) values ('kstummeyer1x', 'TENANT');
insert into authorities (username, authority) values ('hseath1y', 'TENANT');
insert into authorities (username, authority) values ('cmacmeekan1z', 'TENANT');
insert into authorities (username, authority) values ('sknightly20', 'TENANT');
insert into authorities (username, authority) values ('broby21', 'TENANT');
insert into authorities (username, authority) values ('acordingly22', 'TENANT');
insert into authorities (username, authority) values ('rbrason23', 'TENANT');
insert into authorities (username, authority) values ('dbacken24', 'TENANT');
insert into authorities (username, authority) values ('afahrenbach25', 'TENANT');
insert into authorities (username, authority) values ('tcregeen26', 'TENANT');
insert into authorities (username, authority) values ('bpottinger27', 'TENANT');
insert into authorities (username, authority) values ('tscranney28', 'TENANT');
insert into authorities (username, authority) values ('aryder29', 'TENANT');
insert into authorities (username, authority) values ('scuncliffe2a', 'TENANT');
insert into authorities (username, authority) values ('mfyndon2b', 'TENANT');
insert into authorities (username, authority) values ('fchatainier2c', 'TENANT');
insert into authorities (username, authority) values ('bheed2d', 'TENANT');
insert into authorities (username, authority) values ('jscholer2e', 'TENANT');
insert into authorities (username, authority) values ('svear2f', 'TENANT');
insert into authorities (username, authority) values ('rgeorges2g', 'TENANT');
insert into authorities (username, authority) values ('belion2h', 'TENANT');
insert into authorities (username, authority) values ('creuble0', 'TENANT');
insert into authorities (username, authority) values ('hcorday1', 'TENANT');
insert into authorities (username, authority) values ('wnotman2', 'TENANT');
insert into authorities (username, authority) values ('rsyvret3', 'TENANT');
insert into authorities (username, authority) values ('idachey4', 'TENANT');
insert into authorities (username, authority) values ('adrakard5', 'TENANT');
insert into authorities (username, authority) values ('mmousley6', 'TENANT');
insert into authorities (username, authority) values ('aarnoldi7', 'TENANT');
insert into authorities (username, authority) values ('adacres8', 'TENANT');
insert into authorities (username, authority) values ('jdrysdale9', 'TENANT');
insert into authorities (username, authority) values ('apranglea', 'TENANT');
insert into authorities (username, authority) values ('credierb', 'TENANT');
insert into authorities (username, authority) values ('ocrightenc', 'TENANT');
insert into authorities (username, authority) values ('jwoodhalld', 'TENANT');
insert into authorities (username, authority) values ('mveljese', 'TENANT');
insert into authorities (username, authority) values ('wleggatf', 'TENANT');
insert into authorities (username, authority) values ('wsneezumg', 'TENANT');
insert into authorities (username, authority) values ('mkingzeth', 'TENANT');
insert into authorities (username, authority) values ('dalexanderi', 'TENANT');
insert into authorities (username, authority) values ('btowlj', 'TENANT');
insert into authorities (username, authority) values ('phucksk', 'TENANT');
insert into authorities (username, authority) values ('bstarel', 'TENANT');
insert into authorities (username, authority) values ('penrdigom', 'TENANT');
insert into authorities (username, authority) values ('nsmetounn', 'TENANT');
insert into authorities (username, authority) values ('mmckinneyo', 'TENANT');
insert into authorities (username, authority) values ('hrollingsp', 'TENANT');
insert into authorities (username, authority) values ('bcarsonq', 'TENANT');
insert into authorities (username, authority) values ('jfarmloer', 'TENANT');
insert into authorities (username, authority) values ('cmilans', 'TENANT');
insert into authorities (username, authority) values ('acavellt', 'TENANT');
insert into authorities (username, authority) values ('dhellyaru', 'TENANT');
insert into authorities (username, authority) values ('gjilkesv', 'TENANT');
insert into authorities (username, authority) values ('mleacyw', 'TENANT');
insert into authorities (username, authority) values ('hlillgardx', 'TENANT');
insert into authorities (username, authority) values ('tduplany', 'TENANT');
insert into authorities (username, authority) values ('mdroverz', 'TENANT');
insert into authorities (username, authority) values ('bwigmore10', 'TENANT');
insert into authorities (username, authority) values ('flongbothom11', 'TENANT');
insert into authorities (username, authority) values ('igrandisson12', 'TENANT');
insert into authorities (username, authority) values ('blivzey13', 'TENANT');
insert into authorities (username, authority) values ('fbunch14', 'TENANT');
insert into authorities (username, authority) values ('lhaffard15', 'TENANT');
insert into authorities (username, authority) values ('mgeraudy16', 'TENANT');
insert into authorities (username, authority) values ('hhalton17', 'TENANT');
insert into authorities (username, authority) values ('itendahl18', 'TENANT');


insert into requests (id, creation_date, description, finish_date, start_date, status, flat_id) values (1, '2019-12-25', 'Mauris sit amet eros.', '2020-10-31', '2020-03-31', 'ACCEPTED', 1);
insert into requests (id, creation_date, description, finish_date, start_date, status, flat_id) values (2, '2019-12-23', 'Aliquam quis turpis eget elit sodales scelerisque.', '2020-10-08', '2020-02-19', 'ACCEPTED', 1);
insert into requests (id, creation_date, description, finish_date, start_date, status, flat_id) values (3, '2019-12-02', 'Integer ac leo.', '2020-09-05', '2020-02-07', 'ACCEPTED', 2);
insert into requests (id, creation_date, description, finish_date, start_date, status, flat_id) values (4, '2019-11-20', 'Etiam vel augue.', '2020-10-03', '2020-01-23', 'ACCEPTED', 2);
insert into requests (id, creation_date, description, finish_date, start_date, status, flat_id) values (5, '2019-11-27', 'Etiam vel augue.', '2020-12-25', '2020-01-07', 'ACCEPTED', 3);
insert into requests (id, creation_date, description, finish_date, start_date, status, flat_id) values (6, '2019-12-28', 'In quis justo.', '2020-09-29', '2020-01-05', 'ACCEPTED', 3);
insert into requests (id, creation_date, description, finish_date, start_date, status, flat_id) values (7, '2019-11-18', 'Proin interdum mauris non ligula pellentesque ultrices.', '2020-09-22', '2020-02-26', 'ACCEPTED', 4);
insert into requests (id, creation_date, description, finish_date, start_date, status, flat_id) values (8, '2019-11-02', 'Etiam justo.', '2020-12-21', '2020-03-07', 'ACCEPTED', 4);
insert into requests (id, creation_date, description, finish_date, start_date, status, flat_id) values (9, '2019-11-12', 'Curabitur at ipsum ac tellus semper interdum.', '2020-09-19', '2020-04-21', 'ACCEPTED', 5);
insert into requests (id, creation_date, description, finish_date, start_date, status, flat_id) values (10, '2019-11-09', 'In eleifend quam a odio.', '2020-12-09', '2020-04-26', 'ACCEPTED', 5);
insert into requests (id, creation_date, description, finish_date, start_date, status, flat_id) values (11, '2019-12-03', 'Cras pellentesque volutpat dui.', '2020-12-27', '2020-02-16', 'ACCEPTED', 6);
insert into requests (id, creation_date, description, finish_date, start_date, status, flat_id) values (12, '2019-10-01', 'Morbi porttitor lorem id ligula.', '2020-12-24', '2020-03-10', 'ACCEPTED', 6);
insert into requests (id, creation_date, description, finish_date, start_date, status, flat_id) values (13, '2019-10-24', 'Proin at turpis a pede posuere nonummy.', '2020-10-04', '2020-02-15', 'ACCEPTED', 7);
insert into requests (id, creation_date, description, finish_date, start_date, status, flat_id) values (14, '2019-11-02', 'Donec ut mauris eget massa tempor convallis.', '2020-10-25', '2020-02-01', 'ACCEPTED', 7);
insert into requests (id, creation_date, description, finish_date, start_date, status, flat_id) values (15, '2019-10-04', 'Aliquam augue quam, sollicitudin vitae, consectetuer eget, rutrum at, lorem.', '2020-09-29', '2020-03-25', 'ACCEPTED', 8);
insert into requests (id, creation_date, description, finish_date, start_date, status, flat_id) values (16, '2019-11-16', 'Integer tincidunt ante vel ipsum.', '2020-12-21', '2020-02-08', 'ACCEPTED', 8);
insert into requests (id, creation_date, description, finish_date, start_date, status, flat_id) values (17, '2019-12-04', 'Morbi quis tortor id nulla ultrices aliquet.', '2020-12-22', '2020-04-19', 'ACCEPTED', 9);
insert into requests (id, creation_date, description, finish_date, start_date, status, flat_id) values (18, '2019-12-05', 'Vestibulum rutrum rutrum neque.', '2020-11-01', '2020-02-07', 'ACCEPTED', 9);
insert into requests (id, creation_date, description, finish_date, start_date, status, flat_id) values (19, '2019-12-11', 'In est risus, auctor sed, tristique in, tempus sit amet, sem.', '2020-10-29', '2020-02-10', 'ACCEPTED', 10);
insert into requests (id, creation_date, description, finish_date, start_date, status, flat_id) values (20, '2019-10-23', 'Aliquam quis turpis eget elit sodales scelerisque.', '2020-12-19', '2020-02-06', 'ACCEPTED', 10);
insert into requests (id, creation_date, description, finish_date, start_date, status, flat_id) values (21, '2019-10-14', 'Duis bibendum.', '2020-12-08', '2020-03-18', 'ACCEPTED', 11);
insert into requests (id, creation_date, description, finish_date, start_date, status, flat_id) values (22, '2019-12-24', 'Proin risus.', '2020-12-01', '2020-01-27', 'ACCEPTED', 11);
insert into requests (id, creation_date, description, finish_date, start_date, status, flat_id) values (23, '2019-11-09', 'In tempor, turpis nec euismod scelerisque, quam turpis adipiscing lorem, vitae mattis nibh ligula nec sem.', '2020-09-12', '2020-03-13', 'ACCEPTED', 12);
insert into requests (id, creation_date, description, finish_date, start_date, status, flat_id) values (24, '2019-11-04', 'Morbi vel lectus in quam fringilla rhoncus.', '2020-12-01', '2020-02-21', 'ACCEPTED', 12);
insert into requests (id, creation_date, description, finish_date, start_date, status, flat_id) values (25, '2019-11-16', 'Nulla suscipit ligula in lacus.', '2020-12-17', '2020-02-21', 'ACCEPTED', 13);
insert into requests (id, creation_date, description, finish_date, start_date, status, flat_id) values (26, '2019-10-02', 'Aliquam sit amet diam in magna bibendum imperdiet.', '2020-12-22', '2020-03-11', 'ACCEPTED', 13);
insert into requests (id, creation_date, description, finish_date, start_date, status, flat_id) values (27, '2019-10-13', 'Donec ut mauris eget massa tempor convallis.', '2020-11-25', '2020-03-22', 'ACCEPTED', 14);
insert into requests (id, creation_date, description, finish_date, start_date, status, flat_id) values (28, '2019-10-03', 'Morbi porttitor lorem id ligula.', '2020-10-22', '2020-03-19', 'ACCEPTED', 14);
insert into requests (id, creation_date, description, finish_date, start_date, status, flat_id) values (29, '2019-11-24', 'Duis mattis egestas metus.', '2020-11-27', '2020-01-12', 'ACCEPTED', 15);
insert into requests (id, creation_date, description, finish_date, start_date, status, flat_id) values (30, '2019-11-03', 'Suspendisse ornare consequat lectus.', '2020-10-11', '2020-03-02', 'ACCEPTED', 15);
insert into requests (id, creation_date, description, finish_date, start_date, status, flat_id) values (31, '2019-10-12', 'Aenean lectus.', '2020-10-29', '2020-04-29', 'ACCEPTED', 16);
insert into requests (id, creation_date, description, finish_date, start_date, status, flat_id) values (32, '2019-10-30', 'Morbi porttitor lorem id ligula.', '2020-09-22', '2020-03-14', 'ACCEPTED', 16);
insert into requests (id, creation_date, description, finish_date, start_date, status, flat_id) values (33, '2019-12-04', 'In tempor, turpis nec euismod scelerisque, quam turpis adipiscing lorem, vitae mattis nibh ligula nec sem.', '2020-11-24', '2020-04-04', 'ACCEPTED', 17);
insert into requests (id, creation_date, description, finish_date, start_date, status, flat_id) values (34, '2019-10-08', 'Aenean fermentum.', '2020-12-24', '2020-02-14', 'ACCEPTED', 17);
insert into requests (id, creation_date, description, finish_date, start_date, status, flat_id) values (35, '2019-11-04', 'Morbi non quam nec dui luctus rutrum.', '2020-11-12', '2020-03-12', 'ACCEPTED', 18);
insert into requests (id, creation_date, description, finish_date, start_date, status, flat_id) values (36, '2019-11-01', 'Nulla justo.', '2020-09-04', '2020-04-09', 'ACCEPTED', 18);
insert into requests (id, creation_date, description, finish_date, start_date, status, flat_id) values (37, '2019-10-20', 'Suspendisse ornare consequat lectus.', '2020-10-20', '2020-03-10', 'ACCEPTED', 19);
insert into requests (id, creation_date, description, finish_date, start_date, status, flat_id) values (38, '2019-12-08', 'Praesent id massa id nisl venenatis lacinia.', '2020-12-02', '2020-01-26', 'ACCEPTED', 19);
insert into requests (id, creation_date, description, finish_date, start_date, status, flat_id) values (39, '2019-11-16', 'Nam ultrices, libero non mattis pulvinar, nulla pede ullamcorper augue, a suscipit nulla elit ac nulla.', '2020-09-04', '2020-02-06', 'ACCEPTED', 20);
insert into requests (id, creation_date, description, finish_date, start_date, status, flat_id) values (40, '2019-11-30', 'Maecenas ut massa quis augue luctus tincidunt.', '2020-11-04', '2020-03-20', 'ACCEPTED', 20);
insert into requests (id, creation_date, description, finish_date, start_date, status, flat_id) values (41, '2019-12-03', 'Nam ultrices, libero non mattis pulvinar, nulla pede ullamcorper augue, a suscipit nulla elit ac nulla.', '2020-09-22', '2020-04-18', 'ACCEPTED', 21);
insert into requests (id, creation_date, description, finish_date, start_date, status, flat_id) values (42, '2019-12-27', 'Lorem ipsum dolor sit amet, consectetuer adipiscing elit.', '2020-09-13', '2020-01-11', 'ACCEPTED', 21);
insert into requests (id, creation_date, description, finish_date, start_date, status, flat_id) values (43, '2019-12-03', 'Donec vitae nisi.', '2020-12-10', '2020-02-13', 'ACCEPTED', 22);
insert into requests (id, creation_date, description, finish_date, start_date, status, flat_id) values (44, '2019-10-28', 'Quisque arcu libero, rutrum ac, lobortis vel, dapibus at, diam.', '2020-10-27', '2020-03-14', 'ACCEPTED', 22);
insert into requests (id, creation_date, description, finish_date, start_date, status, flat_id) values (45, '2019-12-21', 'In hac habitasse platea dictumst.', '2020-11-13', '2020-04-27', 'ACCEPTED', 23);
insert into requests (id, creation_date, description, finish_date, start_date, status, flat_id) values (46, '2019-12-12', 'Integer ac leo.', '2020-11-05', '2020-04-03', 'ACCEPTED', 23);
insert into requests (id, creation_date, description, finish_date, start_date, status, flat_id) values (47, '2019-10-03', 'Morbi non quam nec dui luctus rutrum.', '2020-12-21', '2020-04-16', 'ACCEPTED', 24);
insert into requests (id, creation_date, description, finish_date, start_date, status, flat_id) values (48, '2019-11-07', 'Nulla tellus.', '2020-11-02', '2020-04-06', 'ACCEPTED', 24);
insert into requests (id, creation_date, description, finish_date, start_date, status, flat_id) values (49, '2019-12-12', 'Maecenas rhoncus aliquam lacus.', '2020-09-09', '2020-03-03', 'ACCEPTED', 25);
insert into requests (id, creation_date, description, finish_date, start_date, status, flat_id) values (50, '2019-12-03', 'Duis consequat dui nec nisi volutpat eleifend.', '2020-11-26', '2020-02-06', 'ACCEPTED', 25);
insert into requests (id, creation_date, description, finish_date, start_date, status, flat_id) values (51, '2019-12-02', 'Maecenas tristique, est et tempus semper, est quam pharetra magna, ac consequat metus sapien ut nunc.', '2020-10-06', '2020-01-17', 'ACCEPTED', 26);
insert into requests (id, creation_date, description, finish_date, start_date, status, flat_id) values (52, '2019-12-22', 'Vestibulum ac est lacinia nisi venenatis tristique.', '2020-09-06', '2020-03-10', 'ACCEPTED', 26);
insert into requests (id, creation_date, description, finish_date, start_date, status, flat_id) values (53, '2019-11-03', 'Aenean auctor gravida sem.', '2020-10-02', '2020-04-07', 'ACCEPTED', 27);
insert into requests (id, creation_date, description, finish_date, start_date, status, flat_id) values (54, '2019-11-22', 'Pellentesque eget nunc.', '2020-12-01', '2020-04-11', 'ACCEPTED', 27);
insert into requests (id, creation_date, description, finish_date, start_date, status, flat_id) values (55, '2019-12-29', 'Phasellus in felis.', '2020-09-24', '2020-04-05', 'ACCEPTED', 28);
insert into requests (id, creation_date, description, finish_date, start_date, status, flat_id) values (56, '2019-12-18', 'Mauris sit amet eros.', '2020-10-05', '2020-03-31', 'ACCEPTED', 28);
insert into requests (id, creation_date, description, finish_date, start_date, status, flat_id) values (57, '2019-11-04', 'Aenean lectus.', '2020-09-13', '2020-03-31', 'ACCEPTED', 29);
insert into requests (id, creation_date, description, finish_date, start_date, status, flat_id) values (58, '2019-11-17', 'Etiam faucibus cursus urna.', '2020-11-24', '2020-04-29', 'ACCEPTED', 29);
insert into requests (id, creation_date, description, finish_date, start_date, status, flat_id) values (59, '2019-11-25', 'Nunc nisl.', '2020-10-07', '2020-04-04', 'ACCEPTED', 30);
insert into requests (id, creation_date, description, finish_date, start_date, status, flat_id) values (60, '2019-10-20', 'Phasellus sit amet erat.', '2020-10-27', '2020-01-18', 'ACCEPTED', 30);
insert into requests (id, creation_date, description, finish_date, start_date, status, flat_id) values (61, '2019-12-01', 'Nulla mollis molestie lorem.', '2020-10-23', '2020-04-08', 'ACCEPTED', 31);
insert into requests (id, creation_date, description, finish_date, start_date, status, flat_id) values (62, '2019-11-17', 'Sed ante.', '2020-11-29', '2020-04-26', 'ACCEPTED', 31);
insert into requests (id, creation_date, description, finish_date, start_date, status, flat_id) values (63, '2019-12-11', 'Integer ac neque.', '2020-09-25', '2020-04-24', 'ACCEPTED', 32);
insert into requests (id, creation_date, description, finish_date, start_date, status, flat_id) values (64, '2019-12-22', 'Curabitur at ipsum ac tellus semper interdum.', '2020-09-18', '2020-04-17', 'ACCEPTED', 32);
insert into requests (id, creation_date, description, finish_date, start_date, status, flat_id) values (65, '2019-12-15', 'Nullam sit amet turpis elementum ligula vehicula consequat.', '2020-10-20', '2020-04-03', 'ACCEPTED', 33);
insert into requests (id, creation_date, description, finish_date, start_date, status, flat_id) values (66, '2019-11-16', 'Nulla facilisi.', '2020-09-29', '2020-03-25', 'ACCEPTED', 33);
insert into requests (id, creation_date, description, finish_date, start_date, status, flat_id) values (67, '2019-12-26', 'Nullam varius.', '2020-11-07', '2020-03-26', 'ACCEPTED', 34);
insert into requests (id, creation_date, description, finish_date, start_date, status, flat_id) values (68, '2019-12-10', 'Morbi odio odio, elementum eu, interdum eu, tincidunt in, leo.', '2020-10-24', '2020-01-28', 'ACCEPTED', 34);
insert into requests (id, creation_date, description, finish_date, start_date, status, flat_id) values (69, '2019-10-16', 'Morbi a ipsum.', '2020-10-21', '2020-03-06', 'ACCEPTED', 35);
insert into requests (id, creation_date, description, finish_date, start_date, status, flat_id) values (70, '2019-12-03', 'Maecenas ut massa quis augue luctus tincidunt.', '2020-09-29', '2020-01-16', 'ACCEPTED', 35);
insert into requests (id, creation_date, description, finish_date, start_date, status, flat_id) values (71, '2019-12-28', 'Mauris enim leo, rhoncus sed, vestibulum sit amet, cursus id, turpis.', '2020-12-18', '2020-04-25', 'ACCEPTED', 36);
insert into requests (id, creation_date, description, finish_date, start_date, status, flat_id) values (72, '2019-11-20', 'Ut tellus.', '2020-11-17', '2020-01-03', 'ACCEPTED', 36);
insert into requests (id, creation_date, description, finish_date, start_date, status, flat_id) values (73, '2019-10-19', 'Pellentesque eget nunc.', '2020-12-12', '2020-04-24', 'ACCEPTED', 37);
insert into requests (id, creation_date, description, finish_date, start_date, status, flat_id) values (74, '2019-12-25', 'Cras mi pede, malesuada in, imperdiet et, commodo vulputate, justo.', '2020-10-25', '2020-03-12', 'ACCEPTED', 37);
insert into requests (id, creation_date, description, finish_date, start_date, status, flat_id) values (75, '2019-12-11', 'Donec ut dolor.', '2020-11-15', '2020-02-06', 'ACCEPTED', 38);
insert into requests (id, creation_date, description, finish_date, start_date, status, flat_id) values (76, '2019-12-29', 'Pellentesque viverra pede ac diam.', '2020-12-25', '2020-01-15', 'ACCEPTED', 38);
insert into requests (id, creation_date, description, finish_date, start_date, status, flat_id) values (77, '2019-11-20', 'Praesent blandit lacinia erat.', '2020-10-31', '2020-04-23', 'ACCEPTED', 39);
insert into requests (id, creation_date, description, finish_date, start_date, status, flat_id) values (78, '2019-11-11', 'Aenean lectus.', '2020-09-08', '2020-03-17', 'ACCEPTED', 39);
insert into requests (id, creation_date, description, finish_date, start_date, status, flat_id) values (79, '2019-11-06', 'Sed vel enim sit amet nunc viverra dapibus.', '2020-10-05', '2020-02-26', 'ACCEPTED', 40);
insert into requests (id, creation_date, description, finish_date, start_date, status, flat_id) values (80, '2019-11-20', 'Aliquam non mauris.', '2020-12-27', '2020-02-14', 'ACCEPTED', 40);
insert into requests (id, creation_date, description, finish_date, start_date, status, flat_id) values (81, '2019-10-03', 'Aliquam augue quam, sollicitudin vitae, consectetuer eget, rutrum at, lorem.', '2020-10-11', '2020-04-21', 'ACCEPTED', 41);
insert into requests (id, creation_date, description, finish_date, start_date, status, flat_id) values (82, '2019-10-20', 'Nunc rhoncus dui vel sem.', '2020-10-26', '2020-01-31', 'ACCEPTED', 41);
insert into requests (id, creation_date, description, finish_date, start_date, status, flat_id) values (83, '2019-11-25', 'Sed sagittis.', '2020-09-21', '2020-03-02', 'ACCEPTED', 42);
insert into requests (id, creation_date, description, finish_date, start_date, status, flat_id) values (84, '2019-11-10', 'Pellentesque at nulla.', '2020-11-04', '2020-04-08', 'ACCEPTED', 42);
insert into requests (id, creation_date, description, finish_date, start_date, status, flat_id) values (85, '2019-10-25', 'Duis ac nibh.', '2020-11-26', '2020-04-23', 'ACCEPTED', 43);
insert into requests (id, creation_date, description, finish_date, start_date, status, flat_id) values (86, '2019-11-20', 'Maecenas pulvinar lobortis est.', '2020-10-20', '2020-03-06', 'ACCEPTED', 43);
insert into requests (id, creation_date, description, finish_date, start_date, status, flat_id) values (87, '2019-10-09', 'Vestibulum quam sapien, varius ut, blandit non, interdum in, ante.', '2020-09-06', '2020-02-09', 'ACCEPTED', 44);
insert into requests (id, creation_date, description, finish_date, start_date, status, flat_id) values (88, '2019-10-20', 'In quis justo.', '2020-10-05', '2020-03-03', 'ACCEPTED', 44);
insert into requests (id, creation_date, description, finish_date, start_date, status, flat_id) values (89, '2019-11-26', 'Morbi porttitor lorem id ligula.', '2020-09-30', '2020-04-25', 'ACCEPTED', 45);
insert into requests (id, creation_date, description, finish_date, start_date, status, flat_id) values (90, '2019-10-06', 'Nullam sit amet turpis elementum ligula vehicula consequat.', '2020-09-24', '2020-01-31', 'ACCEPTED', 45);
insert into requests (id, creation_date, description, finish_date, start_date, status, flat_id) values (91, '2019-11-09', 'Proin interdum mauris non ligula pellentesque ultrices.', '2020-12-22', '2020-01-13', 'PENDING', 1);
insert into requests (id, creation_date, description, finish_date, start_date, status, flat_id) values (92, '2019-12-08', 'Quisque arcu libero, rutrum ac, lobortis vel, dapibus at, diam.', '2020-12-12', '2020-02-03', 'PENDING', 2);
insert into requests (id, creation_date, description, finish_date, start_date, status, flat_id) values (93, '2019-11-08', 'Fusce lacus purus, aliquet at, feugiat non, pretium quis, lectus.', '2020-09-09', '2020-04-29', 'PENDING', 3);
insert into requests (id, creation_date, description, finish_date, start_date, status, flat_id) values (94, '2019-10-24', 'Praesent blandit.', '2020-10-02', '2020-01-15', 'PENDING', 4);
insert into requests (id, creation_date, description, finish_date, start_date, status, flat_id) values (95, '2019-11-14', 'Nam dui.', '2020-09-13', '2020-04-14', 'PENDING', 5);
insert into requests (id, creation_date, description, finish_date, start_date, status, flat_id) values (96, '2019-12-24', 'Proin risus.', '2020-12-16', '2020-01-28', 'PENDING', 6);
insert into requests (id, creation_date, description, finish_date, start_date, status, flat_id) values (97, '2019-12-16', 'Vestibulum ac est lacinia nisi venenatis tristique.', '2020-12-06', '2020-03-26', 'REJECTED', 7);
insert into requests (id, creation_date, description, finish_date, start_date, status, flat_id) values (98, '2019-11-27', 'Vestibulum quam sapien, varius ut, blandit non, interdum in, ante.', '2020-09-30', '2020-03-01', 'PENDING', 8);
insert into requests (id, creation_date, description, finish_date, start_date, status, flat_id) values (99, '2019-12-14', 'Quisque ut erat.', '2020-10-22', '2020-03-07', 'PENDING', 9);
insert into requests (id, creation_date, description, finish_date, start_date, status, flat_id) values (100, '2019-11-28', 'Vivamus metus arcu, adipiscing molestie, hendrerit at, vulputate vitae, nisl.', '2020-10-07', '2020-03-31', 'PENDING', 10);
insert into requests (id, creation_date, description, finish_date, start_date, status, flat_id) values (101, '2019-12-21', 'Aenean lectus.', '2020-10-06', '2020-01-03', 'PENDING', 11);
insert into requests (id, creation_date, description, finish_date, start_date, status, flat_id) values (102, '2019-12-14', 'Maecenas leo odio, condimentum id, luctus nec, molestie sed, justo.', '2020-09-05', '2020-01-21', 'PENDING', 12);
insert into requests (id, creation_date, description, finish_date, start_date, status, flat_id) values (103, '2019-10-19', 'Cras in purus eu magna vulputate luctus.', '2020-09-10', '2020-03-10', 'REJECTED', 13);
insert into requests (id, creation_date, description, finish_date, start_date, status, flat_id) values (104, '2019-12-17', 'Morbi odio odio, elementum eu, interdum eu, tincidunt in, leo.', '2020-12-21', '2020-04-27', 'PENDING', 14);
insert into requests (id, creation_date, description, finish_date, start_date, status, flat_id) values (105, '2019-12-17', 'Praesent lectus.', '2020-10-10', '2020-01-16', 'PENDING', 15);
insert into requests (id, creation_date, description, finish_date, start_date, status, flat_id) values (106, '2019-10-05', 'Phasellus in felis.', '2020-09-11', '2020-04-09', 'CANCELED', 16);
insert into requests (id, creation_date, description, finish_date, start_date, status, flat_id) values (107, '2019-10-06', 'Curabitur gravida nisi at nibh.', '2020-09-01', '2020-03-11', 'PENDING', 17);
insert into requests (id, creation_date, description, finish_date, start_date, status, flat_id) values (108, '2019-11-09', 'Praesent lectus.', '2020-09-20', '2020-01-02', 'PENDING', 18);
insert into requests (id, creation_date, description, finish_date, start_date, status, flat_id) values (109, '2019-11-16', 'Suspendisse accumsan tortor quis turpis.', '2020-12-19', '2020-01-13', 'PENDING', 19);
insert into requests (id, creation_date, description, finish_date, start_date, status, flat_id) values (110, '2019-12-13', 'Donec ut mauris eget massa tempor convallis.', '2020-11-17', '2020-01-31', 'CANCELED', 20);
insert into requests (id, creation_date, description, finish_date, start_date, status, flat_id) values (111, '2019-12-12', 'Morbi vestibulum, velit id pretium iaculis, diam erat fermentum justo, nec condimentum neque sapien placerat ante.', '2020-12-23', '2020-01-14', 'PENDING', 21);
insert into requests (id, creation_date, description, finish_date, start_date, status, flat_id) values (112, '2019-10-05', 'Aliquam sit amet diam in magna bibendum imperdiet.', '2020-12-02', '2020-02-11', 'PENDING', 22);
insert into requests (id, creation_date, description, finish_date, start_date, status, flat_id) values (113, '2019-12-20', 'Quisque ut erat.', '2020-11-06', '2020-03-19', 'PENDING', 23);
insert into requests (id, creation_date, description, finish_date, start_date, status, flat_id) values (114, '2019-11-18', 'Lorem ipsum dolor sit amet, consectetuer adipiscing elit.', '2020-11-13', '2020-01-07', 'PENDING', 24);
insert into requests (id, creation_date, description, finish_date, start_date, status, flat_id) values (115, '2019-12-20', 'Donec quis orci eget orci vehicula condimentum.', '2020-10-02', '2020-04-03', 'PENDING', 25);
insert into requests (id, creation_date, description, finish_date, start_date, status, flat_id) values (116, '2019-11-06', 'Sed vel enim sit amet nunc viverra dapibus.', '2020-10-07', '2020-04-25', 'PENDING', 26);
insert into requests (id, creation_date, description, finish_date, start_date, status, flat_id) values (117, '2019-10-18', 'Suspendisse potenti.', '2020-10-28', '2020-04-16', 'PENDING', 27);
insert into requests (id, creation_date, description, finish_date, start_date, status, flat_id) values (118, '2019-11-08', 'Morbi odio odio, elementum eu, interdum eu, tincidunt in, leo.', '2020-10-15', '2020-04-08', 'PENDING', 28);
insert into requests (id, creation_date, description, finish_date, start_date, status, flat_id) values (119, '2019-10-15', 'Suspendisse ornare consequat lectus.', '2020-09-09', '2020-03-14', 'PENDING', 29);
insert into requests (id, creation_date, description, finish_date, start_date, status, flat_id) values (120, '2019-12-11', 'Donec diam neque, vestibulum eget, vulputate ut, ultrices vel, augue.', '2020-09-12', '2020-04-06', 'PENDING', 30);
insert into requests (id, creation_date, description, finish_date, start_date, status, flat_id) values (121, '2019-11-26', 'Etiam justo.', '2020-12-19', '2020-03-24', 'REJECTED', 31);
insert into requests (id, creation_date, description, finish_date, start_date, status, flat_id) values (122, '2019-11-14', 'In tempor, turpis nec euismod scelerisque, quam turpis adipiscing lorem, vitae mattis nibh ligula nec sem.', '2020-09-01', '2020-03-02', 'PENDING', 32);
insert into requests (id, creation_date, description, finish_date, start_date, status, flat_id) values (123, '2019-11-03', 'Aliquam non mauris.', '2020-12-07', '2020-03-09', 'PENDING', 33);
insert into requests (id, creation_date, description, finish_date, start_date, status, flat_id) values (124, '2019-10-08', 'Morbi quis tortor id nulla ultrices aliquet.', '2020-12-23', '2020-01-27', 'CANCELED', 34);
insert into requests (id, creation_date, description, finish_date, start_date, status, flat_id) values (125, '2019-11-08', 'Morbi non lectus.', '2020-12-30', '2020-01-29', 'PENDING', 35);
insert into requests (id, creation_date, description, finish_date, start_date, status, flat_id) values (126, '2019-11-20', 'Integer aliquet, massa id lobortis convallis, tortor risus dapibus augue, vel accumsan tellus nisi eu orci.', '2020-12-01', '2020-01-01', 'CANCELED', 36);
insert into requests (id, creation_date, description, finish_date, start_date, status, flat_id) values (127, '2019-12-29', 'Nullam sit amet turpis elementum ligula vehicula consequat.', '2020-11-06', '2020-01-18', 'PENDING', 37);
insert into requests (id, creation_date, description, finish_date, start_date, status, flat_id) values (128, '2019-11-26', 'Morbi sem mauris, laoreet ut, rhoncus aliquet, pulvinar sed, nisl.', '2020-11-20', '2020-02-21', 'PENDING', 38);
insert into requests (id, creation_date, description, finish_date, start_date, status, flat_id) values (129, '2019-12-04', 'Duis consequat dui nec nisi volutpat eleifend.', '2020-12-17', '2020-02-24', 'PENDING', 39);
insert into requests (id, creation_date, description, finish_date, start_date, status, flat_id) values (130, '2019-10-18', 'Curabitur at ipsum ac tellus semper interdum.', '2020-12-19', '2020-04-10', 'PENDING', 40);
insert into requests (id, creation_date, description, finish_date, start_date, status, flat_id) values (131, '2019-12-01', 'Donec semper sapien a libero.', '2020-10-19', '2020-01-16', 'PENDING', 41);
insert into requests (id, creation_date, description, finish_date, start_date, status, flat_id) values (132, '2019-10-13', 'Donec semper sapien a libero.', '2020-09-22', '2020-03-22', 'PENDING', 42);
insert into requests (id, creation_date, description, finish_date, start_date, status, flat_id) values (133, '2019-10-11', 'Praesent blandit lacinia erat.', '2020-11-23', '2020-02-10', 'CANCELED', 43);
insert into requests (id, creation_date, description, finish_date, start_date, status, flat_id) values (134, '2019-12-07', 'Nulla tempus.', '2020-11-20', '2020-02-07', 'CANCELED', 44);
insert into requests (id, creation_date, description, finish_date, start_date, status, flat_id) values (135, '2019-12-08', 'Donec odio justo, sollicitudin ut, suscipit a, feugiat et, eros.', '2020-09-23', '2020-04-19', 'PENDING', 45);

insert into users_requests (tenant_username, requests_id) values ('rdunleavy0', 1);
insert into users_requests (tenant_username, requests_id) values ('dballchin1', 2);
insert into users_requests (tenant_username, requests_id) values ('owinslade2', 3);
insert into users_requests (tenant_username, requests_id) values ('dlippiett3', 4);
insert into users_requests (tenant_username, requests_id) values ('mkennifick4', 5);
insert into users_requests (tenant_username, requests_id) values ('anund5', 6);
insert into users_requests (tenant_username, requests_id) values ('cmccane6', 7);
insert into users_requests (tenant_username, requests_id) values ('dmatskevich7', 8);
insert into users_requests (tenant_username, requests_id) values ('jshewsmith8', 9);
insert into users_requests (tenant_username, requests_id) values ('rsquibb9', 10);
insert into users_requests (tenant_username, requests_id) values ('mbaudina', 11);
insert into users_requests (tenant_username, requests_id) values ('cmullesb', 12);
insert into users_requests (tenant_username, requests_id) values ('tmaunsellc', 13);
insert into users_requests (tenant_username, requests_id) values ('lcoadd', 14);
insert into users_requests (tenant_username, requests_id) values ('cdowkere', 15);
insert into users_requests (tenant_username, requests_id) values ('agrealeyf', 16);
insert into users_requests (tenant_username, requests_id) values ('jdunnetg', 17);
insert into users_requests (tenant_username, requests_id) values ('whounshamh', 18);
insert into users_requests (tenant_username, requests_id) values ('dgorhami', 19);
insert into users_requests (tenant_username, requests_id) values ('rpashej', 20);
insert into users_requests (tenant_username, requests_id) values ('gmanuaudk', 21);
insert into users_requests (tenant_username, requests_id) values ('rrowbottoml', 22);
insert into users_requests (tenant_username, requests_id) values ('lricardoum', 23);
insert into users_requests (tenant_username, requests_id) values ('cmingusn', 24);
insert into users_requests (tenant_username, requests_id) values ('bkellarto', 25);
insert into users_requests (tenant_username, requests_id) values ('wsandesp', 26);
insert into users_requests (tenant_username, requests_id) values ('csingyardq', 27);
insert into users_requests (tenant_username, requests_id) values ('yklimkinr', 28);
insert into users_requests (tenant_username, requests_id) values ('hhowsleys', 29);
insert into users_requests (tenant_username, requests_id) values ('htaysbilt', 30);
insert into users_requests (tenant_username, requests_id) values ('emacmenamieu', 31);
insert into users_requests (tenant_username, requests_id) values ('vcloyv', 32);
insert into users_requests (tenant_username, requests_id) values ('aviegasw', 33);
insert into users_requests (tenant_username, requests_id) values ('kfrowx', 34);
insert into users_requests (tenant_username, requests_id) values ('ebussely', 35);
insert into users_requests (tenant_username, requests_id) values ('rvinnickz', 36);
insert into users_requests (tenant_username, requests_id) values ('mgaydon10', 37);
insert into users_requests (tenant_username, requests_id) values ('jgamet11', 38);
insert into users_requests (tenant_username, requests_id) values ('dlaroux12', 39);
insert into users_requests (tenant_username, requests_id) values ('hfilisov13', 40);
insert into users_requests (tenant_username, requests_id) values ('rjeavons14', 41);
insert into users_requests (tenant_username, requests_id) values ('fdodge15', 42);
insert into users_requests (tenant_username, requests_id) values ('gprestedge16', 43);
insert into users_requests (tenant_username, requests_id) values ('cguerry17', 44);
insert into users_requests (tenant_username, requests_id) values ('iantosik18', 45);
insert into users_requests (tenant_username, requests_id) values ('wcolleymore19', 46);
insert into users_requests (tenant_username, requests_id) values ('jstienham1a', 47);
insert into users_requests (tenant_username, requests_id) values ('vspillman1b', 48);
insert into users_requests (tenant_username, requests_id) values ('coxer1c', 49);
insert into users_requests (tenant_username, requests_id) values ('tpoile1d', 50);
insert into users_requests (tenant_username, requests_id) values ('lbadgers1e', 51);
insert into users_requests (tenant_username, requests_id) values ('zcrittal1f', 52);
insert into users_requests (tenant_username, requests_id) values ('bkeeping1g', 53);
insert into users_requests (tenant_username, requests_id) values ('gdemerida1h', 54);
insert into users_requests (tenant_username, requests_id) values ('dcoggon1i', 55);
insert into users_requests (tenant_username, requests_id) values ('uzanioletti1j', 56);
insert into users_requests (tenant_username, requests_id) values ('nmeiner1k', 57);
insert into users_requests (tenant_username, requests_id) values ('ahollows1l', 58);
insert into users_requests (tenant_username, requests_id) values ('bfrancom1m', 59);
insert into users_requests (tenant_username, requests_id) values ('rphonix1n', 60);
insert into users_requests (tenant_username, requests_id) values ('ejuszczyk1o', 61);
insert into users_requests (tenant_username, requests_id) values ('kwhatling1p', 62);
insert into users_requests (tenant_username, requests_id) values ('gbaumber1q', 63);
insert into users_requests (tenant_username, requests_id) values ('forrom1r', 64);
insert into users_requests (tenant_username, requests_id) values ('gimpy1s', 65);
insert into users_requests (tenant_username, requests_id) values ('emeco1t', 66);
insert into users_requests (tenant_username, requests_id) values ('gprobin1u', 67);
insert into users_requests (tenant_username, requests_id) values ('stesmond1v', 68);
insert into users_requests (tenant_username, requests_id) values ('cmarcome1w', 69);
insert into users_requests (tenant_username, requests_id) values ('kstummeyer1x', 70);
insert into users_requests (tenant_username, requests_id) values ('hseath1y', 71);
insert into users_requests (tenant_username, requests_id) values ('cmacmeekan1z', 72);
insert into users_requests (tenant_username, requests_id) values ('sknightly20', 73);
insert into users_requests (tenant_username, requests_id) values ('broby21', 74);
insert into users_requests (tenant_username, requests_id) values ('acordingly22', 75);
insert into users_requests (tenant_username, requests_id) values ('rbrason23', 76);
insert into users_requests (tenant_username, requests_id) values ('dbacken24', 77);
insert into users_requests (tenant_username, requests_id) values ('afahrenbach25', 78);
insert into users_requests (tenant_username, requests_id) values ('tcregeen26', 79);
insert into users_requests (tenant_username, requests_id) values ('bpottinger27', 80);
insert into users_requests (tenant_username, requests_id) values ('tscranney28', 81);
insert into users_requests (tenant_username, requests_id) values ('aryder29', 82);
insert into users_requests (tenant_username, requests_id) values ('scuncliffe2a', 83);
insert into users_requests (tenant_username, requests_id) values ('mfyndon2b', 84);
insert into users_requests (tenant_username, requests_id) values ('fchatainier2c', 85);
insert into users_requests (tenant_username, requests_id) values ('bheed2d', 86);
insert into users_requests (tenant_username, requests_id) values ('jscholer2e', 87);
insert into users_requests (tenant_username, requests_id) values ('svear2f', 88);
insert into users_requests (tenant_username, requests_id) values ('rgeorges2g', 89);
insert into users_requests (tenant_username, requests_id) values ('belion2h', 90);
insert into users_requests (tenant_username, requests_id) values ('creuble0', 91);
insert into users_requests (tenant_username, requests_id) values ('hcorday1', 92);
insert into users_requests (tenant_username, requests_id) values ('wnotman2', 93);
insert into users_requests (tenant_username, requests_id) values ('rsyvret3', 94);
insert into users_requests (tenant_username, requests_id) values ('idachey4', 95);
insert into users_requests (tenant_username, requests_id) values ('adrakard5', 96);
insert into users_requests (tenant_username, requests_id) values ('mmousley6', 97);
insert into users_requests (tenant_username, requests_id) values ('aarnoldi7', 98);
insert into users_requests (tenant_username, requests_id) values ('adacres8', 99);
insert into users_requests (tenant_username, requests_id) values ('jdrysdale9', 100);
insert into users_requests (tenant_username, requests_id) values ('apranglea', 101);
insert into users_requests (tenant_username, requests_id) values ('credierb', 102);
insert into users_requests (tenant_username, requests_id) values ('ocrightenc', 103);
insert into users_requests (tenant_username, requests_id) values ('jwoodhalld', 104);
insert into users_requests (tenant_username, requests_id) values ('mveljese', 105);
insert into users_requests (tenant_username, requests_id) values ('wleggatf', 106);
insert into users_requests (tenant_username, requests_id) values ('wsneezumg', 107);
insert into users_requests (tenant_username, requests_id) values ('mkingzeth', 108);
insert into users_requests (tenant_username, requests_id) values ('dalexanderi', 109);
insert into users_requests (tenant_username, requests_id) values ('btowlj', 110);
insert into users_requests (tenant_username, requests_id) values ('phucksk', 111);
insert into users_requests (tenant_username, requests_id) values ('bstarel', 112);
insert into users_requests (tenant_username, requests_id) values ('penrdigom', 113);
insert into users_requests (tenant_username, requests_id) values ('nsmetounn', 114);
insert into users_requests (tenant_username, requests_id) values ('mmckinneyo', 115);
insert into users_requests (tenant_username, requests_id) values ('hrollingsp', 116);
insert into users_requests (tenant_username, requests_id) values ('bcarsonq', 117);
insert into users_requests (tenant_username, requests_id) values ('jfarmloer', 118);
insert into users_requests (tenant_username, requests_id) values ('cmilans', 119);
insert into users_requests (tenant_username, requests_id) values ('acavellt', 120);
insert into users_requests (tenant_username, requests_id) values ('dhellyaru', 121);
insert into users_requests (tenant_username, requests_id) values ('gjilkesv', 122);
insert into users_requests (tenant_username, requests_id) values ('mleacyw', 123);
insert into users_requests (tenant_username, requests_id) values ('hlillgardx', 124);
insert into users_requests (tenant_username, requests_id) values ('tduplany', 125);
insert into users_requests (tenant_username, requests_id) values ('mdroverz', 126);
insert into users_requests (tenant_username, requests_id) values ('bwigmore10', 127);
insert into users_requests (tenant_username, requests_id) values ('flongbothom11', 128);
insert into users_requests (tenant_username, requests_id) values ('igrandisson12', 129);
insert into users_requests (tenant_username, requests_id) values ('blivzey13', 130);
insert into users_requests (tenant_username, requests_id) values ('fbunch14', 131);
insert into users_requests (tenant_username, requests_id) values ('lhaffard15', 132);
insert into users_requests (tenant_username, requests_id) values ('mgeraudy16', 133);
insert into users_requests (tenant_username, requests_id) values ('hhalton17', 134);
insert into users_requests (tenant_username, requests_id) values ('itendahl18', 135);

insert into reviews (dtype, id, description, creation_date, modified_date, rate, creator_username, flat_id) values ('FlatReview', 1, 'Ut at dolor quis odio consequat varius.', '2020-05-06', null, '5', 'rdunleavy0', 1);
insert into reviews (dtype, id, description, creation_date, modified_date, rate, creator_username, flat_id) values ('FlatReview', 2, 'Pellentesque at nulla.', '2020-05-12', null, '5', 'dballchin1', 1);
insert into reviews (dtype, id, description, creation_date, modified_date, rate, creator_username, flat_id) values ('FlatReview', 3, 'Nulla neque libero, convallis eget, eleifend luctus, ultricies eu, nibh.', '2020-02-10', null, '5', 'owinslade2', 2);
insert into reviews (dtype, id, description, creation_date, modified_date, rate, creator_username, flat_id) values ('FlatReview', 4, 'Duis ac nibh.', '2020-01-05', null, '5', 'dlippiett3', 2);
insert into reviews (dtype, id, description, creation_date, modified_date, rate, creator_username, flat_id) values ('FlatReview', 5, 'Duis bibendum, felis sed interdum venenatis, turpis enim blandit mi, in porttitor pede justo eu massa.', '2020-03-02', null, '5', 'mkennifick4', 3);
insert into reviews (dtype, id, description, creation_date, modified_date, rate, creator_username, flat_id) values ('FlatReview', 6, 'Nulla nisl.', '2020-01-24', null, '4', 'anund5', 3);
insert into reviews (dtype, id, description, creation_date, modified_date, rate, creator_username, flat_id) values ('FlatReview', 7, 'Integer aliquet, massa id lobortis convallis, tortor risus dapibus augue, vel accumsan tellus nisi eu orci.', '2020-04-20', null, '2', 'cmccane6', 4);
insert into reviews (dtype, id, description, creation_date, modified_date, rate, creator_username, flat_id) values ('FlatReview', 8, 'Maecenas tristique, est et tempus semper, est quam pharetra magna, ac consequat metus sapien ut nunc.', '2020-05-05', null, '3', 'dmatskevich7', 4);
insert into reviews (dtype, id, description, creation_date, modified_date, rate, creator_username, flat_id) values ('FlatReview', 9, 'Morbi porttitor lorem id ligula.', '2020-03-06', null, '2', 'jshewsmith8', 5);
insert into reviews (dtype, id, description, creation_date, modified_date, rate, creator_username, flat_id) values ('FlatReview', 10, 'Nulla neque libero, convallis eget, eleifend luctus, ultricies eu, nibh.', '2020-01-18', null, '5', 'rsquibb9', 5);
insert into reviews (dtype, id, description, creation_date, modified_date, rate, creator_username, flat_id) values ('FlatReview', 11, 'In congue.', '2020-05-03', null, '5', 'mbaudina', 6);
insert into reviews (dtype, id, description, creation_date, modified_date, rate, creator_username, flat_id) values ('FlatReview', 12, 'In est risus, auctor sed, tristique in, tempus sit amet, sem.', '2020-04-14', null, '3', 'cmullesb', 6);
insert into reviews (dtype, id, description, creation_date, modified_date, rate, creator_username, flat_id) values ('FlatReview', 13, 'Etiam vel augue.', '2020-02-06', null, '4', 'tmaunsellc', 7);
insert into reviews (dtype, id, description, creation_date, modified_date, rate, creator_username, flat_id) values ('FlatReview', 14, 'Maecenas tincidunt lacus at velit.', '2020-04-07', null, '4', 'lcoadd', 7);
insert into reviews (dtype, id, description, creation_date, modified_date, rate, creator_username, flat_id) values ('FlatReview', 15, 'Fusce posuere felis sed lacus.', '2020-05-02', null, '5', 'cdowkere', 8);
insert into reviews (dtype, id, description, creation_date, modified_date, rate, creator_username, flat_id) values ('FlatReview', 16, 'Aliquam augue quam, sollicitudin vitae, consectetuer eget, rutrum at, lorem.', '2020-01-09', null, '5', 'agrealeyf', 8);
insert into reviews (dtype, id, description, creation_date, modified_date, rate, creator_username, flat_id) values ('FlatReview', 17, 'Vestibulum ante ipsum primis in faucibus orci luctus et ultrices posuere cubilia Curae; Mauris viverra diam vitae quam.', '2020-01-21', null, '2', 'jdunnetg', 9);
insert into reviews (dtype, id, description, creation_date, modified_date, rate, creator_username, flat_id) values ('FlatReview', 18, 'Suspendisse ornare consequat lectus.', '2020-03-02', null, '5', 'whounshamh', 9);
insert into reviews (dtype, id, description, creation_date, modified_date, rate, creator_username, flat_id) values ('FlatReview', 19, 'Ut tellus.', '2020-02-15', null, '5', 'dgorhami', 10);
insert into reviews (dtype, id, description, creation_date, modified_date, rate, creator_username, flat_id) values ('FlatReview', 20, 'Integer ac neque.', '2020-02-17', null, '2', 'rpashej', 10);
insert into reviews (dtype, id, description, creation_date, modified_date, rate, creator_username, flat_id) values ('FlatReview', 21, 'Suspendisse accumsan tortor quis turpis.', '2020-05-27', null, '2', 'gmanuaudk', 11);
insert into reviews (dtype, id, description, creation_date, modified_date, rate, creator_username, flat_id) values ('FlatReview', 22, 'Praesent lectus.', '2020-04-28', null, '5', 'rrowbottoml', 11);
insert into reviews (dtype, id, description, creation_date, modified_date, rate, creator_username, flat_id) values ('FlatReview', 23, 'Phasellus sit amet erat.', '2020-01-06', null, '3', 'lricardoum', 12);
insert into reviews (dtype, id, description, creation_date, modified_date, rate, creator_username, flat_id) values ('FlatReview', 24, 'Nulla tellus.', '2020-01-31', null, '5', 'cmingusn', 12);
insert into reviews (dtype, id, description, creation_date, modified_date, rate, creator_username, flat_id) values ('FlatReview', 25, 'Integer non velit.', '2020-05-05', null, '4', 'bkellarto', 13);
insert into reviews (dtype, id, description, creation_date, modified_date, rate, creator_username, flat_id) values ('FlatReview', 26, 'Praesent blandit lacinia erat.', '2020-05-22', '2020-06-29', '4', 'wsandesp', 13);
insert into reviews (dtype, id, description, creation_date, modified_date, rate, creator_username, flat_id) values ('FlatReview', 27, 'Suspendisse accumsan tortor quis turpis.', '2020-05-17', null, '3', 'csingyardq', 14);
insert into reviews (dtype, id, description, creation_date, modified_date, rate, creator_username, flat_id) values ('FlatReview', 28, 'Nunc purus.', '2020-03-07', null, '5', 'yklimkinr', 14);
insert into reviews (dtype, id, description, creation_date, modified_date, rate, creator_username, flat_id) values ('FlatReview', 29, 'Duis ac nibh.', '2020-04-25', null, '3', 'hhowsleys', 15);
insert into reviews (dtype, id, description, creation_date, modified_date, rate, creator_username, flat_id) values ('FlatReview', 30, 'Morbi non quam nec dui luctus rutrum.', '2020-01-17', null, '1', 'htaysbilt', 15);
insert into reviews (dtype, id, description, creation_date, modified_date, rate, creator_username, flat_id) values ('FlatReview', 31, 'Morbi vestibulum, velit id pretium iaculis, diam erat fermentum justo, nec condimentum neque sapien placerat ante.', '2020-03-20', null, '5', 'emacmenamieu', 16);
insert into reviews (dtype, id, description, creation_date, modified_date, rate, creator_username, flat_id) values ('FlatReview', 32, 'Donec posuere metus vitae ipsum.', '2020-04-26', null, '5', 'vcloyv', 16);
insert into reviews (dtype, id, description, creation_date, modified_date, rate, creator_username, flat_id) values ('FlatReview', 33, 'Etiam vel augue.', '2020-02-21', null, '4', 'aviegasw', 17);
insert into reviews (dtype, id, description, creation_date, modified_date, rate, creator_username, flat_id) values ('FlatReview', 34, 'Quisque id justo sit amet sapien dignissim vestibulum.', '2020-03-12', null, '4', 'kfrowx', 17);
insert into reviews (dtype, id, description, creation_date, modified_date, rate, creator_username, flat_id) values ('FlatReview', 35, 'Nam ultrices, libero non mattis pulvinar, nulla pede ullamcorper augue, a suscipit nulla elit ac nulla.', '2020-03-29', null, '5', 'ebussely', 18);
insert into reviews (dtype, id, description, creation_date, modified_date, rate, creator_username, flat_id) values ('FlatReview', 36, 'Vestibulum rutrum rutrum neque.', '2020-05-14', null, '3', 'rvinnickz', 18);
insert into reviews (dtype, id, description, creation_date, modified_date, rate, creator_username, flat_id) values ('FlatReview', 37, 'In est risus, auctor sed, tristique in, tempus sit amet, sem.', '2020-04-08', null, '5', 'mgaydon10', 19);
insert into reviews (dtype, id, description, creation_date, modified_date, rate, creator_username, flat_id) values ('FlatReview', 38, 'Pellentesque ultrices mattis odio.', '2020-02-23', null, '2', 'jgamet11', 19);
insert into reviews (dtype, id, description, creation_date, modified_date, rate, creator_username, flat_id) values ('FlatReview', 39, 'Sed accumsan felis.', '2020-01-23', null, '3', 'dlaroux12', 20);
insert into reviews (dtype, id, description, creation_date, modified_date, rate, creator_username, flat_id) values ('FlatReview', 40, 'Proin eu mi.', '2020-04-27', null, '5', 'hfilisov13', 20);
insert into reviews (dtype, id, description, creation_date, modified_date, rate, creator_username, flat_id) values ('FlatReview', 41, 'Aliquam erat volutpat.', '2020-02-07', null, '5', 'rjeavons14', 21);
insert into reviews (dtype, id, description, creation_date, modified_date, rate, creator_username, flat_id) values ('FlatReview', 42, 'Suspendisse potenti.', '2020-05-27', null, '5', 'fdodge15', 21);
insert into reviews (dtype, id, description, creation_date, modified_date, rate, creator_username, flat_id) values ('FlatReview', 43, 'In est risus, auctor sed, tristique in, tempus sit amet, sem.', '2020-01-28', null, '3', 'gprestedge16', 22);
insert into reviews (dtype, id, description, creation_date, modified_date, rate, creator_username, flat_id) values ('FlatReview', 44, 'Morbi quis tortor id nulla ultrices aliquet.', '2020-01-08', null, '2', 'cguerry17', 22);
insert into reviews (dtype, id, description, creation_date, modified_date, rate, creator_username, flat_id) values ('FlatReview', 45, 'Nullam molestie nibh in lectus.', '2020-05-17', null, '4', 'iantosik18', 23);
insert into reviews (dtype, id, description, creation_date, modified_date, rate, creator_username, flat_id) values ('FlatReview', 46, 'Vestibulum sed magna at nunc commodo placerat.', '2020-03-18', null, '2', 'wcolleymore19', 23);
insert into reviews (dtype, id, description, creation_date, modified_date, rate, creator_username, flat_id) values ('FlatReview', 47, 'Pellentesque eget nunc.', '2020-04-25', null, '2', 'jstienham1a', 24);
insert into reviews (dtype, id, description, creation_date, modified_date, rate, creator_username, flat_id) values ('FlatReview', 48, 'Quisque erat eros, viverra eget, congue eget, semper rutrum, nulla.', '2020-04-16', '2020-06-24', '4', 'vspillman1b', 24);
insert into reviews (dtype, id, description, creation_date, modified_date, rate, creator_username, flat_id) values ('FlatReview', 49, 'Proin at turpis a pede posuere nonummy.', '2020-02-08', null, '3', 'coxer1c', 25);
insert into reviews (dtype, id, description, creation_date, modified_date, rate, creator_username, flat_id) values ('FlatReview', 50, 'Nullam orci pede, venenatis non, sodales sed, tincidunt eu, felis.', '2020-04-29', null, '5', 'tpoile1d', 25);
insert into reviews (dtype, id, description, creation_date, modified_date, rate, creator_username, flat_id) values ('FlatReview', 51, 'Phasellus id sapien in sapien iaculis congue.', '2020-03-25', null, '3', 'lbadgers1e', 26);
insert into reviews (dtype, id, description, creation_date, modified_date, rate, creator_username, flat_id) values ('FlatReview', 52, 'Integer pede justo, lacinia eget, tincidunt eget, tempus vel, pede.', '2020-01-22', null, '5', 'zcrittal1f', 26);
insert into reviews (dtype, id, description, creation_date, modified_date, rate, creator_username, flat_id) values ('FlatReview', 53, 'Aenean auctor gravida sem.', '2020-01-21', null, '5', 'bkeeping1g', 27);
insert into reviews (dtype, id, description, creation_date, modified_date, rate, creator_username, flat_id) values ('FlatReview', 54, 'In blandit ultrices enim.', '2020-02-02', null, '5', 'gdemerida1h', 27);
insert into reviews (dtype, id, description, creation_date, modified_date, rate, creator_username, flat_id) values ('FlatReview', 55, 'Donec odio justo, sollicitudin ut, suscipit a, feugiat et, eros.', '2020-05-17', null, '5', 'dcoggon1i', 28);
insert into reviews (dtype, id, description, creation_date, modified_date, rate, creator_username, flat_id) values ('FlatReview', 56, 'Morbi non quam nec dui luctus rutrum.', '2020-05-10', null, '5', 'uzanioletti1j', 28);
insert into reviews (dtype, id, description, creation_date, modified_date, rate, creator_username, flat_id) values ('FlatReview', 57, 'Ut at dolor quis odio consequat varius.', '2020-04-16', null, '3', 'nmeiner1k', 29);
insert into reviews (dtype, id, description, creation_date, modified_date, rate, creator_username, flat_id) values ('FlatReview', 58, 'Maecenas ut massa quis augue luctus tincidunt.', '2020-05-05', null, '5', 'ahollows1l', 29);
insert into reviews (dtype, id, description, creation_date, modified_date, rate, creator_username, flat_id) values ('FlatReview', 59, 'Vestibulum ante ipsum primis in faucibus orci luctus et ultrices posuere cubilia Curae; Duis faucibus accumsan odio.', '2020-04-01', null, '3', 'bfrancom1m', 30);
insert into reviews (dtype, id, description, creation_date, modified_date, rate, creator_username, flat_id) values ('FlatReview', 60, 'Integer non velit.', '2020-03-29', null, '4', 'rphonix1n', 30);
insert into reviews (dtype, id, description, creation_date, modified_date, rate, creator_username, flat_id) values ('FlatReview', 61, 'Maecenas leo odio, condimentum id, luctus nec, molestie sed, justo.', '2020-03-02', null, '1', 'ejuszczyk1o', 31);
insert into reviews (dtype, id, description, creation_date, modified_date, rate, creator_username, flat_id) values ('FlatReview', 62, 'Proin risus.', '2020-01-19', null, '5', 'kwhatling1p', 31);
insert into reviews (dtype, id, description, creation_date, modified_date, rate, creator_username, flat_id) values ('FlatReview', 63, 'Suspendisse potenti.', '2020-01-13', null, '4', 'gbaumber1q', 32);
insert into reviews (dtype, id, description, creation_date, modified_date, rate, creator_username, flat_id) values ('FlatReview', 64, 'Sed ante.', '2020-03-06', '2020-08-06', '4', 'forrom1r', 32);
insert into reviews (dtype, id, description, creation_date, modified_date, rate, creator_username, flat_id) values ('FlatReview', 65, 'Morbi vestibulum, velit id pretium iaculis, diam erat fermentum justo, nec condimentum neque sapien placerat ante.', '2020-03-14', null, '4', 'gimpy1s', 33);
insert into reviews (dtype, id, description, creation_date, modified_date, rate, creator_username, flat_id) values ('FlatReview', 66, 'Praesent lectus.', '2020-02-13', null, '1', 'emeco1t', 33);
insert into reviews (dtype, id, description, creation_date, modified_date, rate, creator_username, flat_id) values ('FlatReview', 67, 'Duis bibendum.', '2020-02-07', null, '3', 'gprobin1u', 34);
insert into reviews (dtype, id, description, creation_date, modified_date, rate, creator_username, flat_id) values ('FlatReview', 68, 'Aenean auctor gravida sem.', '2020-05-24', null, '2', 'stesmond1v', 34);
insert into reviews (dtype, id, description, creation_date, modified_date, rate, creator_username, flat_id) values ('FlatReview', 69, 'Phasellus sit amet erat.', '2020-04-06', null, '5', 'cmarcome1w', 35);
insert into reviews (dtype, id, description, creation_date, modified_date, rate, creator_username, flat_id) values ('FlatReview', 70, 'In hac habitasse platea dictumst.', '2020-02-09', null, '5', 'kstummeyer1x', 35);
insert into reviews (dtype, id, description, creation_date, modified_date, rate, creator_username, flat_id) values ('FlatReview', 71, 'Duis aliquam convallis nunc.', '2020-01-08', null, '2', 'hseath1y', 36);
insert into reviews (dtype, id, description, creation_date, modified_date, rate, creator_username, flat_id) values ('FlatReview', 72, 'Pellentesque at nulla.', '2020-01-28', null, '5', 'cmacmeekan1z', 36);
insert into reviews (dtype, id, description, creation_date, modified_date, rate, creator_username, flat_id) values ('FlatReview', 73, 'Sed sagittis.', '2020-04-22', null, '5', 'sknightly20', 37);
insert into reviews (dtype, id, description, creation_date, modified_date, rate, creator_username, flat_id) values ('FlatReview', 74, 'Donec odio justo, sollicitudin ut, suscipit a, feugiat et, eros.', '2020-02-02', null, '5', 'broby21', 37);
insert into reviews (dtype, id, description, creation_date, modified_date, rate, creator_username, flat_id) values ('FlatReview', 75, 'Duis ac nibh.', '2020-01-24', null, '4', 'acordingly22', 38);
insert into reviews (dtype, id, description, creation_date, modified_date, rate, creator_username, flat_id) values ('FlatReview', 76, 'Duis consequat dui nec nisi volutpat eleifend.', '2020-05-15', null, '1', 'rbrason23', 38);
insert into reviews (dtype, id, description, creation_date, modified_date, rate, creator_username, flat_id) values ('FlatReview', 77, 'Fusce lacus purus, aliquet at, feugiat non, pretium quis, lectus.', '2020-03-29', null, '5', 'dbacken24', 39);
insert into reviews (dtype, id, description, creation_date, modified_date, rate, creator_username, flat_id) values ('FlatReview', 78, 'Nullam porttitor lacus at turpis.', '2020-01-28', null, '4', 'afahrenbach25', 39);
insert into reviews (dtype, id, description, creation_date, modified_date, rate, creator_username, flat_id) values ('FlatReview', 79, 'Morbi quis tortor id nulla ultrices aliquet.', '2020-03-04', null, '5', 'tcregeen26', 40);
insert into reviews (dtype, id, description, creation_date, modified_date, rate, creator_username, flat_id) values ('FlatReview', 80, 'Nulla tempus.', '2020-03-20', '2020-06-18', '5', 'bpottinger27', 40);
insert into reviews (dtype, id, description, creation_date, modified_date, rate, creator_username, flat_id) values ('FlatReview', 81, 'Nullam sit amet turpis elementum ligula vehicula consequat.', '2020-03-26', null, '5', 'tscranney28', 41);
insert into reviews (dtype, id, description, creation_date, modified_date, rate, creator_username, flat_id) values ('FlatReview', 82, 'In hac habitasse platea dictumst.', '2020-04-08', null, '5', 'aryder29', 41);
insert into reviews (dtype, id, description, creation_date, modified_date, rate, creator_username, flat_id) values ('FlatReview', 83, 'Phasellus id sapien in sapien iaculis congue.', '2020-04-26', null, '5', 'scuncliffe2a', 42);
insert into reviews (dtype, id, description, creation_date, modified_date, rate, creator_username, flat_id) values ('FlatReview', 84, 'Nulla tempus.', '2020-04-03', null, '4', 'mfyndon2b', 42);
insert into reviews (dtype, id, description, creation_date, modified_date, rate, creator_username, flat_id) values ('FlatReview', 85, 'Morbi ut odio.', '2020-02-05', null, '5', 'fchatainier2c', 43);
insert into reviews (dtype, id, description, creation_date, modified_date, rate, creator_username, flat_id) values ('FlatReview', 86, 'Donec ut dolor.', '2020-02-23', null, '5', 'bheed2d', 43);
insert into reviews (dtype, id, description, creation_date, modified_date, rate, creator_username, flat_id) values ('FlatReview', 87, 'Maecenas rhoncus aliquam lacus.', '2020-03-17', null, '1', 'jscholer2e', 44);
insert into reviews (dtype, id, description, creation_date, modified_date, rate, creator_username, flat_id) values ('FlatReview', 88, 'Morbi quis tortor id nulla ultrices aliquet.', '2020-02-03', null, '5', 'svear2f', 44);
insert into reviews (dtype, id, description, creation_date, modified_date, rate, creator_username, flat_id) values ('FlatReview', 89, 'Fusce consequat.', '2020-05-04', null, '5', 'rgeorges2g', 45);
insert into reviews (dtype, id, description, creation_date, modified_date, rate, creator_username, flat_id) values ('FlatReview', 90, 'Proin leo odio, porttitor id, consequat in, consequat ut, nulla.', '2020-01-19', null, '4', 'belion2h', 45);
insert into reviews (dtype, id, description, creation_date, modified_date, rate, creator_username, flat_id) values ('TenantReview', 91, 'Fusce consequat.', '2020-02-04', null, '2', 'rjurries7', null);
insert into reviews (dtype, id, description, creation_date, modified_date, rate, creator_username, flat_id) values ('TenantReview', 92, 'Quisque porta volutpat erat.', '2020-02-20', null, '4', 'jdavieb', null);
insert into reviews (dtype, id, description, creation_date, modified_date, rate, creator_username, flat_id) values ('TenantReview', 93, 'In tempor, turpis nec euismod scelerisque, quam turpis adipiscing lorem, vitae mattis nibh ligula nec sem.', '2020-05-30', null, '4', 'fricart1', null);
insert into reviews (dtype, id, description, creation_date, modified_date, rate, creator_username, flat_id) values ('TenantReview', 94, 'Integer ac neque.', '2020-02-24', null, '5', 'fricart1', null);
insert into reviews (dtype, id, description, creation_date, modified_date, rate, creator_username, flat_id) values ('TenantReview', 95, 'Sed sagittis.', '2020-01-04', null, '2', 'ochillistone9', null);
insert into reviews (dtype, id, description, creation_date, modified_date, rate, creator_username, flat_id) values ('TenantReview', 96, 'Mauris enim leo, rhoncus sed, vestibulum sit amet, cursus id, turpis.', '2020-01-01', null, '5', 'vcasero8', null);
insert into reviews (dtype, id, description, creation_date, modified_date, rate, creator_username, flat_id) values ('TenantReview', 97, 'Nullam sit amet turpis elementum ligula vehicula consequat.', '2020-01-03', null, '5', 'jdavieb', null);
insert into reviews (dtype, id, description, creation_date, modified_date, rate, creator_username, flat_id) values ('TenantReview', 98, 'Suspendisse accumsan tortor quis turpis.', '2020-01-09', null, '4', 'jdavieb', null);
insert into reviews (dtype, id, description, creation_date, modified_date, rate, creator_username, flat_id) values ('TenantReview', 99, 'Sed ante.', '2020-05-22', null, '5', 'vcasero8', null);
insert into reviews (dtype, id, description, creation_date, modified_date, rate, creator_username, flat_id) values ('TenantReview', 100, 'Quisque arcu libero, rutrum ac, lobortis vel, dapibus at, diam.', '2020-05-28', '2020-08-01', '4', 'fricart1', null);
insert into reviews (dtype, id, description, creation_date, modified_date, rate, creator_username, flat_id) values ('TenantReview', 101, 'Fusce congue, diam id ornare imperdiet, sapien urna pretium nisl, ut volutpat sapien arcu sed augue.', '2020-04-06', null, '3', 'rbordessa0', null);
insert into reviews (dtype, id, description, creation_date, modified_date, rate, creator_username, flat_id) values ('TenantReview', 102, 'Vivamus in felis eu sapien cursus vestibulum.', '2020-01-05', null, '3', 'glikly4', null);
insert into reviews (dtype, id, description, creation_date, modified_date, rate, creator_username, flat_id) values ('TenantReview', 103, 'Vestibulum rutrum rutrum neque.', '2020-04-04', null, '4', 'kcrinkley5', null);
insert into reviews (dtype, id, description, creation_date, modified_date, rate, creator_username, flat_id) values ('TenantReview', 104, 'Vestibulum ac est lacinia nisi venenatis tristique.', '2020-04-28', null, '5', 'bputleyc', null);
insert into reviews (dtype, id, description, creation_date, modified_date, rate, creator_username, flat_id) values ('TenantReview', 105, 'Morbi quis tortor id nulla ultrices aliquet.', '2020-03-09', null, '4', 'kcrinkley5', null);
insert into reviews (dtype, id, description, creation_date, modified_date, rate, creator_username, flat_id) values ('TenantReview', 106, 'Nullam sit amet turpis elementum ligula vehicula consequat.', '2020-02-07', null, '3', 'kcrinkley5', null);
insert into reviews (dtype, id, description, creation_date, modified_date, rate, creator_username, flat_id) values ('TenantReview', 107, 'In hac habitasse platea dictumst.', '2020-04-10', null, '5', 'mmcgaheye', null);
insert into reviews (dtype, id, description, creation_date, modified_date, rate, creator_username, flat_id) values ('TenantReview', 108, 'In blandit ultrices enim.', '2020-02-27', null, '4', 'jdavieb', null);
insert into reviews (dtype, id, description, creation_date, modified_date, rate, creator_username, flat_id) values ('TenantReview', 109, 'Cras non velit nec nisi vulputate nonummy.', '2020-03-29', null, '5', 'bputleyc', null);
insert into reviews (dtype, id, description, creation_date, modified_date, rate, creator_username, flat_id) values ('TenantReview', 110, 'Integer ac leo.', '2020-04-18', null, '5', 'nnaullsa', null);
insert into reviews (dtype, id, description, creation_date, modified_date, rate, creator_username, flat_id) values ('TenantReview', 111, 'Aliquam erat volutpat.', '2020-03-23', '2020-07-09', '3', 'glikly4', null);
insert into reviews (dtype, id, description, creation_date, modified_date, rate, creator_username, flat_id) values ('TenantReview', 112, 'Vestibulum ante ipsum primis in faucibus orci luctus et ultrices posuere cubilia Curae; Nulla dapibus dolor vel est.', '2020-05-20', null, '4', 'rbordessa0', null);
insert into reviews (dtype, id, description, creation_date, modified_date, rate, creator_username, flat_id) values ('TenantReview', 113, 'In sagittis dui vel nisl.', '2020-01-15', null, '5', 'rbordessa0', null);
insert into reviews (dtype, id, description, creation_date, modified_date, rate, creator_username, flat_id) values ('TenantReview', 114, 'Mauris enim leo, rhoncus sed, vestibulum sit amet, cursus id, turpis.', '2020-05-03', null, '5', 'rjurries7', null);
insert into reviews (dtype, id, description, creation_date, modified_date, rate, creator_username, flat_id) values ('TenantReview', 115, 'Lorem ipsum dolor sit amet, consectetuer adipiscing elit.', '2020-01-16', null, '4', 'jdavieb', null);
insert into reviews (dtype, id, description, creation_date, modified_date, rate, creator_username, flat_id) values ('TenantReview', 116, 'Nulla neque libero, convallis eget, eleifend luctus, ultricies eu, nibh.', '2020-03-25', null, '3', 'jdavieb', null);
insert into reviews (dtype, id, description, creation_date, modified_date, rate, creator_username, flat_id) values ('TenantReview', 117, 'Integer tincidunt ante vel ipsum.', '2020-04-28', null, '4', 'mmcgaheye', null);
insert into reviews (dtype, id, description, creation_date, modified_date, rate, creator_username, flat_id) values ('TenantReview', 118, 'Fusce consequat.', '2020-03-04', null, '4', 'rjurries7', null);
insert into reviews (dtype, id, description, creation_date, modified_date, rate, creator_username, flat_id) values ('TenantReview', 119, 'Integer tincidunt ante vel ipsum.', '2020-05-20', null, '4', 'fricart1', null);
insert into reviews (dtype, id, description, creation_date, modified_date, rate, creator_username, flat_id) values ('TenantReview', 120, 'Aliquam augue quam, sollicitudin vitae, consectetuer eget, rutrum at, lorem.', '2020-01-12', null, '1', 'efarnalld', null);
insert into reviews (dtype, id, description, creation_date, modified_date, rate, creator_username, flat_id) values ('TenantReview', 121, 'Nulla neque libero, convallis eget, eleifend luctus, ultricies eu, nibh.', '2020-03-26', null, '5', 'nnaullsa', null);
insert into reviews (dtype, id, description, creation_date, modified_date, rate, creator_username, flat_id) values ('TenantReview', 122, 'Duis aliquam convallis nunc.', '2020-02-15', null, '2', 'glikly4', null);
insert into reviews (dtype, id, description, creation_date, modified_date, rate, creator_username, flat_id) values ('TenantReview', 123, 'In sagittis dui vel nisl.', '2020-05-02', null, '5', 'kcrinkley5', null);
insert into reviews (dtype, id, description, creation_date, modified_date, rate, creator_username, flat_id) values ('TenantReview', 124, 'Aliquam sit amet diam in magna bibendum imperdiet.', '2020-04-15', null, '5', 'ochillistone9', null);
insert into reviews (dtype, id, description, creation_date, modified_date, rate, creator_username, flat_id) values ('TenantReview', 125, 'Suspendisse ornare consequat lectus.', '2020-04-11', null, '5', 'nnaullsa', null);
insert into reviews (dtype, id, description, creation_date, modified_date, rate, creator_username, flat_id) values ('TenantReview', 126, 'Donec semper sapien a libero.', '2020-05-13', null, '5', 'ochillistone9', null);
insert into reviews (dtype, id, description, creation_date, modified_date, rate, creator_username, flat_id) values ('TenantReview', 127, 'Proin eu mi.', '2020-05-13', null, '5', 'rjurries7', null);
insert into reviews (dtype, id, description, creation_date, modified_date, rate, creator_username, flat_id) values ('TenantReview', 128, 'Donec odio justo, sollicitudin ut, suscipit a, feugiat et, eros.', '2020-01-24', null, '5', 'kcrinkley5', null);
insert into reviews (dtype, id, description, creation_date, modified_date, rate, creator_username, flat_id) values ('TenantReview', 129, 'Aliquam sit amet diam in magna bibendum imperdiet.', '2020-05-22', null, '5', 'efarnalld', null);
insert into reviews (dtype, id, description, creation_date, modified_date, rate, creator_username, flat_id) values ('TenantReview', 130, 'Donec ut dolor.', '2020-02-15', '2020-08-07', '4', 'dframmingham2', null);
insert into reviews (dtype, id, description, creation_date, modified_date, rate, creator_username, flat_id) values ('TenantReview', 131, 'Cum sociis natoque penatibus et magnis dis parturient montes, nascetur ridiculus mus.', '2020-05-08', null, '4', 'nnaullsa', null);
insert into reviews (dtype, id, description, creation_date, modified_date, rate, creator_username, flat_id) values ('TenantReview', 132, 'Pellentesque at nulla.', '2020-05-16', null, '2', 'efarnalld', null);
insert into reviews (dtype, id, description, creation_date, modified_date, rate, creator_username, flat_id) values ('TenantReview', 133, 'Donec vitae nisi.', '2020-03-01', null, '5', 'mmcgaheye', null);
insert into reviews (dtype, id, description, creation_date, modified_date, rate, creator_username, flat_id) values ('TenantReview', 134, 'Lorem ipsum dolor sit amet, consectetuer adipiscing elit.', '2020-04-13', null, '4', 'jdavieb', null);
insert into reviews (dtype, id, description, creation_date, modified_date, rate, creator_username, flat_id) values ('TenantReview', 135, 'Donec vitae nisi.', '2020-03-02', null, '2', 'fricart1', null);
insert into reviews (dtype, id, description, creation_date, modified_date, rate, creator_username, flat_id) values ('TenantReview', 136, 'Fusce posuere felis sed lacus.', '2020-05-26', null, '5', 'cstealey6', null);
insert into reviews (dtype, id, description, creation_date, modified_date, rate, creator_username, flat_id) values ('TenantReview', 137, 'Duis ac nibh.', '2020-04-27', null, '2', 'vcasero8', null);
insert into reviews (dtype, id, description, creation_date, modified_date, rate, creator_username, flat_id) values ('TenantReview', 138, 'Duis mattis egestas metus.', '2020-02-06', null, '1', 'fricart1', null);
insert into reviews (dtype, id, description, creation_date, modified_date, rate, creator_username, flat_id) values ('TenantReview', 139, 'Aliquam quis turpis eget elit sodales scelerisque.', '2020-05-11', null, '5', 'dframmingham2', null);
insert into reviews (dtype, id, description, creation_date, modified_date, rate, creator_username, flat_id) values ('TenantReview', 140, 'Nullam orci pede, venenatis non, sodales sed, tincidunt eu, felis.', '2020-03-03', null, '4', 'rbordessa0', null);
insert into reviews (dtype, id, description, creation_date, modified_date, rate, creator_username, flat_id) values ('TenantReview', 141, 'In tempor, turpis nec euismod scelerisque, quam turpis adipiscing lorem, vitae mattis nibh ligula nec sem.', '2020-01-07', null, '3', 'bputleyc', null);
insert into reviews (dtype, id, description, creation_date, modified_date, rate, creator_username, flat_id) values ('TenantReview', 142, 'Quisque porta volutpat erat.', '2020-01-09', null, '4', 'fricart1', null);
insert into reviews (dtype, id, description, creation_date, modified_date, rate, creator_username, flat_id) values ('TenantReview', 143, 'Curabitur gravida nisi at nibh.', '2020-04-25', null, '4', 'mmcgaheye', null);
insert into reviews (dtype, id, description, creation_date, modified_date, rate, creator_username, flat_id) values ('TenantReview', 144, 'Maecenas pulvinar lobortis est.', '2020-01-21', null, '5', 'jdavieb', null);
insert into reviews (dtype, id, description, creation_date, modified_date, rate, creator_username, flat_id) values ('TenantReview', 145, 'In blandit ultrices enim.', '2020-04-19', null, '4', 'bputleyc', null);
insert into reviews (dtype, id, description, creation_date, modified_date, rate, creator_username, flat_id) values ('TenantReview', 146, 'Curabitur convallis.', '2020-01-06', null, '5', 'mmcgaheye', null);
insert into reviews (dtype, id, description, creation_date, modified_date, rate, creator_username, flat_id) values ('TenantReview', 147, 'Praesent blandit lacinia erat.', '2020-05-30', null, '5', 'mmcgaheye', null);
insert into reviews (dtype, id, description, creation_date, modified_date, rate, creator_username, flat_id) values ('TenantReview', 148, 'Integer tincidunt ante vel ipsum.', '2020-05-04', null, '3', 'jdavieb', null);
insert into reviews (dtype, id, description, creation_date, modified_date, rate, creator_username, flat_id) values ('TenantReview', 149, 'Aliquam erat volutpat.', '2020-03-05', null, '5', 'glikly4', null);
insert into reviews (dtype, id, description, creation_date, modified_date, rate, creator_username, flat_id) values ('TenantReview', 150, 'Vestibulum sed magna at nunc commodo placerat.', '2020-01-15', null, '5', 'vcasero8', null);
insert into reviews (dtype, id, description, creation_date, modified_date, rate, creator_username, flat_id) values ('TenantReview', 151, 'Duis bibendum, felis sed interdum venenatis, turpis enim blandit mi, in porttitor pede justo eu massa.', '2020-04-25', null, '3', 'nnaullsa', null);
insert into reviews (dtype, id, description, creation_date, modified_date, rate, creator_username, flat_id) values ('TenantReview', 152, 'Nam nulla.', '2020-03-14', null, '4', 'ochillistone9', null);
insert into reviews (dtype, id, description, creation_date, modified_date, rate, creator_username, flat_id) values ('TenantReview', 153, 'Maecenas tincidunt lacus at velit.', '2020-05-25', null, '4', 'ochillistone9', null);
insert into reviews (dtype, id, description, creation_date, modified_date, rate, creator_username, flat_id) values ('TenantReview', 154, 'Aliquam quis turpis eget elit sodales scelerisque.', '2020-01-21', null, '2', 'negre3', null);
insert into reviews (dtype, id, description, creation_date, modified_date, rate, creator_username, flat_id) values ('TenantReview', 155, 'Nullam orci pede, venenatis non, sodales sed, tincidunt eu, felis.', '2020-04-10', null, '5', 'dframmingham2', null);
insert into reviews (dtype, id, description, creation_date, modified_date, rate, creator_username, flat_id) values ('TenantReview', 156, 'Suspendisse accumsan tortor quis turpis.', '2020-05-03', null, '4', 'rjurries7', null);
insert into reviews (dtype, id, description, creation_date, modified_date, rate, creator_username, flat_id) values ('TenantReview', 157, 'Morbi vel lectus in quam fringilla rhoncus.', '2020-05-13', null, '4', 'cstealey6', null);
insert into reviews (dtype, id, description, creation_date, modified_date, rate, creator_username, flat_id) values ('TenantReview', 158, 'Quisque id justo sit amet sapien dignissim vestibulum.', '2020-01-30', null, '5', 'vcasero8', null);
insert into reviews (dtype, id, description, creation_date, modified_date, rate, creator_username, flat_id) values ('TenantReview', 159, 'Aliquam non mauris.', '2020-03-15', null, '5', 'rjurries7', null);
insert into reviews (dtype, id, description, creation_date, modified_date, rate, creator_username, flat_id) values ('TenantReview', 160, 'Mauris lacinia sapien quis libero.', '2020-01-23', null, '5', 'nnaullsa', null);
insert into reviews (dtype, id, description, creation_date, modified_date, rate, creator_username, flat_id) values ('TenantReview', 161, 'Nulla neque libero, convallis eget, eleifend luctus, ultricies eu, nibh.', '2020-05-29', null, '5', 'mmcgaheye', null);
insert into reviews (dtype, id, description, creation_date, modified_date, rate, creator_username, flat_id) values ('TenantReview', 162, 'Donec ut dolor.', '2020-03-27', null, '1', 'ochillistone9', null);
insert into reviews (dtype, id, description, creation_date, modified_date, rate, creator_username, flat_id) values ('TenantReview', 163, 'Donec semper sapien a libero.', '2020-04-11', '2020-06-01', '5', 'kcrinkley5', null);
insert into reviews (dtype, id, description, creation_date, modified_date, rate, creator_username, flat_id) values ('TenantReview', 164, 'Curabitur in libero ut massa volutpat convallis.', '2020-02-22', null, '2', 'rjurries7', null);
insert into reviews (dtype, id, description, creation_date, modified_date, rate, creator_username, flat_id) values ('TenantReview', 165, 'Pellentesque viverra pede ac diam.', '2020-04-13', null, '5', 'fricart1', null);
insert into reviews (dtype, id, description, creation_date, modified_date, rate, creator_username, flat_id) values ('TenantReview', 166, 'Sed sagittis.', '2020-01-15', null, '5', 'ochillistone9', null);
insert into reviews (dtype, id, description, creation_date, modified_date, rate, creator_username, flat_id) values ('TenantReview', 167, 'Cras in purus eu magna vulputate luctus.', '2020-04-21', '2020-06-15', '3', 'vcasero8', null);
insert into reviews (dtype, id, description, creation_date, modified_date, rate, creator_username, flat_id) values ('TenantReview', 168, 'Praesent id massa id nisl venenatis lacinia.', '2020-04-20', null, '5', 'rbordessa0', null);
insert into reviews (dtype, id, description, creation_date, modified_date, rate, creator_username, flat_id) values ('TenantReview', 169, 'Donec ut dolor.', '2020-05-30', null, '5', 'jdavieb', null);
insert into reviews (dtype, id, description, creation_date, modified_date, rate, creator_username, flat_id) values ('TenantReview', 170, 'Vestibulum rutrum rutrum neque.', '2020-02-17', null, '5', 'dframmingham2', null);
insert into reviews (dtype, id, description, creation_date, modified_date, rate, creator_username, flat_id) values ('TenantReview', 171, 'Vestibulum quam sapien, varius ut, blandit non, interdum in, ante.', '2020-01-21', null, '4', 'cstealey6', null);
insert into reviews (dtype, id, description, creation_date, modified_date, rate, creator_username, flat_id) values ('TenantReview', 172, 'Praesent lectus.', '2020-01-06', null, '3', 'rbordessa0', null);
insert into reviews (dtype, id, description, creation_date, modified_date, rate, creator_username, flat_id) values ('TenantReview', 173, 'In tempor, turpis nec euismod scelerisque, quam turpis adipiscing lorem, vitae mattis nibh ligula nec sem.', '2020-05-19', null, '5', 'ochillistone9', null);
insert into reviews (dtype, id, description, creation_date, modified_date, rate, creator_username, flat_id) values ('TenantReview', 174, 'Curabitur at ipsum ac tellus semper interdum.', '2020-03-25', null, '4', 'glikly4', null);
insert into reviews (dtype, id, description, creation_date, modified_date, rate, creator_username, flat_id) values ('TenantReview', 175, 'Vestibulum quam sapien, varius ut, blandit non, interdum in, ante.', '2020-02-28', null, '3', 'glikly4', null);
insert into reviews (dtype, id, description, creation_date, modified_date, rate, creator_username, flat_id) values ('TenantReview', 176, 'Aliquam quis turpis eget elit sodales scelerisque.', '2020-02-03', null, '3', 'rjurries7', null);
insert into reviews (dtype, id, description, creation_date, modified_date, rate, creator_username, flat_id) values ('TenantReview', 177, 'Donec odio justo, sollicitudin ut, suscipit a, feugiat et, eros.', '2020-01-11', null, '4', 'fricart1', null);
insert into reviews (dtype, id, description, creation_date, modified_date, rate, creator_username, flat_id) values ('TenantReview', 178, 'In sagittis dui vel nisl.', '2020-02-17', null, '1', 'kcrinkley5', null);
insert into reviews (dtype, id, description, creation_date, modified_date, rate, creator_username, flat_id) values ('TenantReview', 179, 'In eleifend quam a odio.', '2020-02-28', null, '2', 'fricart1', null);
insert into reviews (dtype, id, description, creation_date, modified_date, rate, creator_username, flat_id) values ('TenantReview', 180, 'Integer pede justo, lacinia eget, tincidunt eget, tempus vel, pede.', '2020-02-10', null, '4', 'rjurries7', null);

insert into users_reviews (tenant_username, reviews_id) values ('rdunleavy0', 91);
insert into users_reviews (tenant_username, reviews_id) values ('dballchin1', 92);
insert into users_reviews (tenant_username, reviews_id) values ('owinslade2', 93);
insert into users_reviews (tenant_username, reviews_id) values ('dlippiett3', 94);
insert into users_reviews (tenant_username, reviews_id) values ('mkennifick4', 95);
insert into users_reviews (tenant_username, reviews_id) values ('anund5', 96);
insert into users_reviews (tenant_username, reviews_id) values ('cmccane6', 97);
insert into users_reviews (tenant_username, reviews_id) values ('dmatskevich7', 98);
insert into users_reviews (tenant_username, reviews_id) values ('jshewsmith8', 99);
insert into users_reviews (tenant_username, reviews_id) values ('rsquibb9', 100);
insert into users_reviews (tenant_username, reviews_id) values ('mbaudina', 101);
insert into users_reviews (tenant_username, reviews_id) values ('cmullesb', 102);
insert into users_reviews (tenant_username, reviews_id) values ('tmaunsellc', 103);
insert into users_reviews (tenant_username, reviews_id) values ('lcoadd', 104);
insert into users_reviews (tenant_username, reviews_id) values ('cdowkere', 105);
insert into users_reviews (tenant_username, reviews_id) values ('agrealeyf', 106);
insert into users_reviews (tenant_username, reviews_id) values ('jdunnetg', 107);
insert into users_reviews (tenant_username, reviews_id) values ('whounshamh', 108);
insert into users_reviews (tenant_username, reviews_id) values ('dgorhami', 109);
insert into users_reviews (tenant_username, reviews_id) values ('rpashej', 110);
insert into users_reviews (tenant_username, reviews_id) values ('gmanuaudk', 111);
insert into users_reviews (tenant_username, reviews_id) values ('rrowbottoml', 112);
insert into users_reviews (tenant_username, reviews_id) values ('lricardoum', 113);
insert into users_reviews (tenant_username, reviews_id) values ('cmingusn', 114);
insert into users_reviews (tenant_username, reviews_id) values ('bkellarto', 115);
insert into users_reviews (tenant_username, reviews_id) values ('wsandesp', 116);
insert into users_reviews (tenant_username, reviews_id) values ('csingyardq', 117);
insert into users_reviews (tenant_username, reviews_id) values ('yklimkinr', 118);
insert into users_reviews (tenant_username, reviews_id) values ('hhowsleys', 119);
insert into users_reviews (tenant_username, reviews_id) values ('htaysbilt', 120);
insert into users_reviews (tenant_username, reviews_id) values ('emacmenamieu', 121);
insert into users_reviews (tenant_username, reviews_id) values ('vcloyv', 122);
insert into users_reviews (tenant_username, reviews_id) values ('aviegasw', 123);
insert into users_reviews (tenant_username, reviews_id) values ('kfrowx', 124);
insert into users_reviews (tenant_username, reviews_id) values ('ebussely', 125);
insert into users_reviews (tenant_username, reviews_id) values ('rvinnickz', 126);
insert into users_reviews (tenant_username, reviews_id) values ('mgaydon10', 127);
insert into users_reviews (tenant_username, reviews_id) values ('jgamet11', 128);
insert into users_reviews (tenant_username, reviews_id) values ('dlaroux12', 129);
insert into users_reviews (tenant_username, reviews_id) values ('hfilisov13', 130);
insert into users_reviews (tenant_username, reviews_id) values ('rjeavons14', 131);
insert into users_reviews (tenant_username, reviews_id) values ('fdodge15', 132);
insert into users_reviews (tenant_username, reviews_id) values ('gprestedge16', 133);
insert into users_reviews (tenant_username, reviews_id) values ('cguerry17', 134);
insert into users_reviews (tenant_username, reviews_id) values ('iantosik18', 135);
insert into users_reviews (tenant_username, reviews_id) values ('wcolleymore19', 136);
insert into users_reviews (tenant_username, reviews_id) values ('jstienham1a', 137);
insert into users_reviews (tenant_username, reviews_id) values ('vspillman1b', 138);
insert into users_reviews (tenant_username, reviews_id) values ('coxer1c', 139);
insert into users_reviews (tenant_username, reviews_id) values ('tpoile1d', 140);
insert into users_reviews (tenant_username, reviews_id) values ('lbadgers1e', 141);
insert into users_reviews (tenant_username, reviews_id) values ('zcrittal1f', 142);
insert into users_reviews (tenant_username, reviews_id) values ('bkeeping1g', 143);
insert into users_reviews (tenant_username, reviews_id) values ('gdemerida1h', 144);
insert into users_reviews (tenant_username, reviews_id) values ('dcoggon1i', 145);
insert into users_reviews (tenant_username, reviews_id) values ('uzanioletti1j', 146);
insert into users_reviews (tenant_username, reviews_id) values ('nmeiner1k', 147);
insert into users_reviews (tenant_username, reviews_id) values ('ahollows1l', 148);
insert into users_reviews (tenant_username, reviews_id) values ('bfrancom1m', 149);
insert into users_reviews (tenant_username, reviews_id) values ('rphonix1n', 150);
insert into users_reviews (tenant_username, reviews_id) values ('ejuszczyk1o', 151);
insert into users_reviews (tenant_username, reviews_id) values ('kwhatling1p', 152);
insert into users_reviews (tenant_username, reviews_id) values ('gbaumber1q', 153);
insert into users_reviews (tenant_username, reviews_id) values ('forrom1r', 154);
insert into users_reviews (tenant_username, reviews_id) values ('gimpy1s', 155);
insert into users_reviews (tenant_username, reviews_id) values ('emeco1t', 156);
insert into users_reviews (tenant_username, reviews_id) values ('gprobin1u', 157);
insert into users_reviews (tenant_username, reviews_id) values ('stesmond1v', 158);
insert into users_reviews (tenant_username, reviews_id) values ('cmarcome1w', 159);
insert into users_reviews (tenant_username, reviews_id) values ('kstummeyer1x', 160);
insert into users_reviews (tenant_username, reviews_id) values ('hseath1y', 161);
insert into users_reviews (tenant_username, reviews_id) values ('cmacmeekan1z', 162);
insert into users_reviews (tenant_username, reviews_id) values ('sknightly20', 163);
insert into users_reviews (tenant_username, reviews_id) values ('broby21', 164);
insert into users_reviews (tenant_username, reviews_id) values ('acordingly22', 165);
insert into users_reviews (tenant_username, reviews_id) values ('rbrason23', 166);
insert into users_reviews (tenant_username, reviews_id) values ('dbacken24', 167);
insert into users_reviews (tenant_username, reviews_id) values ('afahrenbach25', 168);
insert into users_reviews (tenant_username, reviews_id) values ('tcregeen26', 169);
insert into users_reviews (tenant_username, reviews_id) values ('bpottinger27', 170);
insert into users_reviews (tenant_username, reviews_id) values ('tscranney28', 171);
insert into users_reviews (tenant_username, reviews_id) values ('aryder29', 172);
insert into users_reviews (tenant_username, reviews_id) values ('scuncliffe2a', 173);
insert into users_reviews (tenant_username, reviews_id) values ('mfyndon2b', 174);
insert into users_reviews (tenant_username, reviews_id) values ('fchatainier2c', 175);
insert into users_reviews (tenant_username, reviews_id) values ('bheed2d', 176);
insert into users_reviews (tenant_username, reviews_id) values ('jscholer2e', 177);
insert into users_reviews (tenant_username, reviews_id) values ('svear2f', 178);
insert into users_reviews (tenant_username, reviews_id) values ('rgeorges2g', 179);
insert into users_reviews (tenant_username, reviews_id) values ('belion2h', 180);

insert into reports (id, reason, creation_date, receiver_username, sender_username) values (1, 'Praesent blandit.', '2020-02-05', 'mgaydon10', 'dbacken24');
insert into reports (id, reason, creation_date, receiver_username, sender_username) values (2, 'Curabitur at ipsum ac tellus semper interdum.', '2020-03-22', 'rsquibb9', 'uzanioletti1j');
insert into reports (id, reason, creation_date, receiver_username, sender_username) values (3, 'Aenean sit amet justo.', '2020-01-17', 'aryder29', 'stesmond1v');
insert into reports (id, reason, creation_date, receiver_username, sender_username) values (4, 'Proin at turpis a pede posuere nonummy.', '2020-03-21', 'whounshamh', 'stesmond1v');
insert into reports (id, reason, creation_date, receiver_username, sender_username) values (5, 'Nullam porttitor lacus at turpis.', '2020-05-10', 'cdowkere', 'fchatainier2c');
insert into reports (id, reason, creation_date, receiver_username, sender_username) values (6, 'Fusce consequat.', '2020-03-24', 'dballchin1', 'wcolleymore19');
insert into reports (id, reason, creation_date, receiver_username, sender_username) values (7, 'Aliquam non mauris.', '2020-01-25', 'mfyndon2b', 'svear2f');
insert into reports (id, reason, creation_date, receiver_username, sender_username) values (8, 'Nunc nisl.', '2020-05-29', 'bcarsonq', 'htaysbilt');
insert into reports (id, reason, creation_date, receiver_username, sender_username) values (9, 'Fusce congue, diam id ornare imperdiet, sapien urna pretium nisl, ut volutpat sapien arcu sed augue.', '2020-01-18', 'creuble0', 'btowlj');
insert into reports (id, reason, creation_date, receiver_username, sender_username) values (10, 'Curabitur at ipsum ac tellus semper interdum.', '2020-03-04', 'uzanioletti1j', 'mbaudina');
insert into reports (id, reason, creation_date, receiver_username, sender_username) values (11, 'Integer ac leo.', '2020-03-11', 'rpashej', 'broby21');
insert into reports (id, reason, creation_date, receiver_username, sender_username) values (12, 'Proin leo odio, porttitor id, consequat in, consequat ut, nulla.', '2020-04-17', 'aarnoldi7', 'btowlj');
insert into reports (id, reason, creation_date, receiver_username, sender_username) values (13, 'Nam congue, risus semper porta volutpat, quam pede lobortis ligula, sit amet eleifend pede libero quis orci.', '2020-05-08', 'dbacken24', 'mveljese');
insert into reports (id, reason, creation_date, receiver_username, sender_username) values (14, 'Mauris lacinia sapien quis libero.', '2020-04-21', 'rjurries7', 'rrowbottoml');
insert into reports (id, reason, creation_date, receiver_username, sender_username) values (15, 'Morbi non lectus.', '2020-01-29', 'ahollows1l', 'fbunch14');
insert into reports (id, reason, creation_date, receiver_username, sender_username) values (16, 'Suspendisse potenti.', '2020-02-27', 'rjeavons14', 'igrandisson12');
insert into reports (id, reason, creation_date, receiver_username, sender_username) values (17, 'Nam dui.', '2020-05-21', 'rsquibb9', 'nnaullsa');
insert into reports (id, reason, creation_date, receiver_username, sender_username) values (18, 'Fusce congue, diam id ornare imperdiet, sapien urna pretium nisl, ut volutpat sapien arcu sed augue.', '2020-01-28', 'tduplany', 'wsneezumg');
insert into reports (id, reason, creation_date, receiver_username, sender_username) values (19, 'Suspendisse potenti.', '2020-03-21', 'fbunch14', 'rvinnickz');
insert into reports (id, reason, creation_date, receiver_username, sender_username) values (20, 'Phasellus id sapien in sapien iaculis congue.', '2020-01-23', 'fchatainier2c', 'mveljese');
insert into reports (id, reason, creation_date, receiver_username, sender_username) values (21, 'Nullam orci pede, venenatis non, sodales sed, tincidunt eu, felis.', '2020-03-14', 'cmccane6', 'cmilans');
insert into reports (id, reason, creation_date, receiver_username, sender_username) values (22, 'Ut tellus.', '2020-03-18', 'kwhatling1p', 'phucksk');
insert into reports (id, reason, creation_date, receiver_username, sender_username) values (23, 'Maecenas tincidunt lacus at velit.', '2020-01-03', 'nmeiner1k', 'acordingly22');
insert into reports (id, reason, creation_date, receiver_username, sender_username) values (24, 'Vestibulum ante ipsum primis in faucibus orci luctus et ultrices posuere cubilia Curae; Mauris viverra diam vitae quam.', '2020-01-15', 'aarnoldi7', 'glikly4');
insert into reports (id, reason, creation_date, receiver_username, sender_username) values (25, 'Curabitur in libero ut massa volutpat convallis.', '2020-03-31', 'emacmenamieu', 'jshewsmith8');
insert into reports (id, reason, creation_date, receiver_username, sender_username) values (26, 'Integer tincidunt ante vel ipsum.', '2020-02-21', 'dcoggon1i', 'zcrittal1f');
insert into reports (id, reason, creation_date, receiver_username, sender_username) values (27, 'Vestibulum sed magna at nunc commodo placerat.', '2020-01-30', 'dbacken24', 'rgeorges2g');
insert into reports (id, reason, creation_date, receiver_username, sender_username) values (28, 'Pellentesque eget nunc.', '2020-02-04', 'anund5', 'yklimkinr');
insert into reports (id, reason, creation_date, receiver_username, sender_username) values (29, 'Phasellus in felis.', '2020-02-06', 'hhalton17', 'tpoile1d');
insert into reports (id, reason, creation_date, receiver_username, sender_username) values (30, 'Quisque erat eros, viverra eget, congue eget, semper rutrum, nulla.', '2020-03-22', 'jwoodhalld', 'hhalton17');
insert into reports (id, reason, creation_date, receiver_username, sender_username) values (31, 'Maecenas rhoncus aliquam lacus.', '2020-01-14', 'adacres8', 'cmullesb');
insert into reports (id, reason, creation_date, receiver_username, sender_username) values (32, 'Morbi non lectus.', '2020-03-29', 'hfilisov13', 'mgaydon10');
insert into reports (id, reason, creation_date, receiver_username, sender_username) values (33, 'Integer aliquet, massa id lobortis convallis, tortor risus dapibus augue, vel accumsan tellus nisi eu orci.', '2020-05-22', 'nsmetounn', 'bkeeping1g');
insert into reports (id, reason, creation_date, receiver_username, sender_username) values (34, 'Vestibulum sed magna at nunc commodo placerat.', '2020-01-06', 'tcregeen26', 'aryder29');
insert into reports (id, reason, creation_date, receiver_username, sender_username) values (35, 'Vestibulum sed magna at nunc commodo placerat.', '2020-03-13', 'cmingusn', 'adrakard5');
insert into reports (id, reason, creation_date, receiver_username, sender_username) values (36, 'Duis aliquam convallis nunc.', '2020-02-07', 'bpottinger27', 'kstummeyer1x');
insert into reports (id, reason, creation_date, receiver_username, sender_username) values (37, 'Donec ut mauris eget massa tempor convallis.', '2020-03-11', 'bstarel', 'nsmetounn');
insert into reports (id, reason, creation_date, receiver_username, sender_username) values (38, 'Nam tristique tortor eu pede.', '2020-02-24', 'htaysbilt', 'gmanuaudk');
insert into reports (id, reason, creation_date, receiver_username, sender_username) values (39, 'Donec dapibus.', '2020-02-09', 'credierb', 'jgamet11');
insert into reports (id, reason, creation_date, receiver_username, sender_username) values (40, 'Integer aliquet, massa id lobortis convallis, tortor risus dapibus augue, vel accumsan tellus nisi eu orci.', '2020-01-05', 'fdodge15', 'fricart1');
insert into reports (id, reason, creation_date, receiver_username, sender_username) values (41, 'Nam tristique tortor eu pede.', '2020-02-19', 'fchatainier2c', 'hrollingsp');
insert into reports (id, reason, creation_date, receiver_username, sender_username) values (42, 'Nullam varius.', '2020-05-12', 'igrandisson12', 'rjurries7');
insert into reports (id, reason, creation_date, receiver_username, sender_username) values (43, 'In hac habitasse platea dictumst.', '2020-01-29', 'ejuszczyk1o', 'cguerry17');
insert into reports (id, reason, creation_date, receiver_username, sender_username) values (44, 'Etiam vel augue.', '2020-01-25', 'ahollows1l', 'mgeraudy16');
insert into reports (id, reason, creation_date, receiver_username, sender_username) values (45, 'Donec dapibus.', '2020-05-02', 'tcregeen26', 'iantosik18');
insert into reports (id, reason, creation_date, receiver_username, sender_username) values (46, 'Sed ante.', '2020-04-01', 'cmingusn', 'bkellarto');
insert into reports (id, reason, creation_date, receiver_username, sender_username) values (47, 'In sagittis dui vel nisl.', '2020-03-24', 'owinslade2', 'jshewsmith8');
insert into reports (id, reason, creation_date, receiver_username, sender_username) values (48, 'Curabitur in libero ut massa volutpat convallis.', '2020-03-23', 'glikly4', 'negre3');
insert into reports (id, reason, creation_date, receiver_username, sender_username) values (49, 'Aenean fermentum.', '2020-05-26', 'ocrightenc', 'fricart1');
insert into reports (id, reason, creation_date, receiver_username, sender_username) values (50, 'In sagittis dui vel nisl.', '2020-03-07', 'itendahl18', 'fbunch14');

insert into messages (id, body, creation_moment, receiver_username, sender_username) values (1, 'Etiam faucibus cursus urna.', '2019-05-21', 'mleacyw', 'coxer1c');
insert into messages (id, body, creation_moment, receiver_username, sender_username) values (2, 'Mauris enim leo, rhoncus sed, vestibulum sit amet, cursus id, turpis.', '2019-05-09', 'bpottinger27', 'cmacmeekan1z');
insert into messages (id, body, creation_moment, receiver_username, sender_username) values (3, 'Ut tellus.', '2019-09-26', 'lhaffard15', 'tcregeen26');
insert into messages (id, body, creation_moment, receiver_username, sender_username) values (4, 'Morbi non lectus.', '2020-02-22', 'wsneezumg', 'kfrowx');
insert into messages (id, body, creation_moment, receiver_username, sender_username) values (5, 'Morbi vel lectus in quam fringilla rhoncus.', '2019-11-26', 'hcorday1', 'jshewsmith8');
insert into messages (id, body, creation_moment, receiver_username, sender_username) values (6, 'Sed ante.', '2019-11-04', 'mmckinneyo', 'wnotman2');
insert into messages (id, body, creation_moment, receiver_username, sender_username) values (7, 'Nunc rhoncus dui vel sem.', '2019-09-28', 'mkennifick4', 'bstarel');
insert into messages (id, body, creation_moment, receiver_username, sender_username) values (8, 'Praesent lectus.', '2019-10-01', 'owinslade2', 'rbrason23');
insert into messages (id, body, creation_moment, receiver_username, sender_username) values (9, 'Aliquam non mauris.', '2020-04-08', 'bkeeping1g', 'cmilans');
insert into messages (id, body, creation_moment, receiver_username, sender_username) values (10, 'Nulla neque libero, convallis eget, eleifend luctus, ultricies eu, nibh.', '2019-05-20', 'jshewsmith8', 'mkennifick4');
insert into messages (id, body, creation_moment, receiver_username, sender_username) values (11, 'Nulla suscipit ligula in lacus.', '2019-11-29', 'negre3', 'cmacmeekan1z');
insert into messages (id, body, creation_moment, receiver_username, sender_username) values (12, 'In eleifend quam a odio.', '2019-12-15', 'fricart1', 'bkellarto');
insert into messages (id, body, creation_moment, receiver_username, sender_username) values (13, 'Vestibulum rutrum rutrum neque.', '2020-01-23', 'hrollingsp', 'gmanuaudk');
insert into messages (id, body, creation_moment, receiver_username, sender_username) values (14, 'Nunc rhoncus dui vel sem.', '2020-02-06', 'cmarcome1w', 'mkingzeth');
insert into messages (id, body, creation_moment, receiver_username, sender_username) values (15, 'Morbi non lectus.', '2019-10-06', 'jdrysdale9', 'mfyndon2b');
insert into messages (id, body, creation_moment, receiver_username, sender_username) values (16, 'Aliquam augue quam, sollicitudin vitae, consectetuer eget, rutrum at, lorem.', '2020-04-26', 'jstienham1a', 'uzanioletti1j');
insert into messages (id, body, creation_moment, receiver_username, sender_username) values (17, 'Suspendisse accumsan tortor quis turpis.', '2020-04-07', 'mkennifick4', 'hrollingsp');
insert into messages (id, body, creation_moment, receiver_username, sender_username) values (18, 'Duis aliquam convallis nunc.', '2020-02-06', 'emeco1t', 'cstealey6');
insert into messages (id, body, creation_moment, receiver_username, sender_username) values (19, 'Proin interdum mauris non ligula pellentesque ultrices.', '2020-02-18', 'gdemerida1h', 'hrollingsp');
insert into messages (id, body, creation_moment, receiver_username, sender_username) values (20, 'Vivamus in felis eu sapien cursus vestibulum.', '2019-12-03', 'rbrason23', 'dlippiett3');
insert into messages (id, body, creation_moment, receiver_username, sender_username) values (21, 'Maecenas tincidunt lacus at velit.', '2020-01-26', 'vcloyv', 'nsmetounn');
insert into messages (id, body, creation_moment, receiver_username, sender_username) values (22, 'Lorem ipsum dolor sit amet, consectetuer adipiscing elit.', '2020-01-24', 'rphonix1n', 'mveljese');
insert into messages (id, body, creation_moment, receiver_username, sender_username) values (23, 'In congue.', '2020-04-18', 'mmcgaheye', 'bpottinger27');
insert into messages (id, body, creation_moment, receiver_username, sender_username) values (24, 'In eleifend quam a odio.', '2019-12-27', 'bpottinger27', 'jshewsmith8');
insert into messages (id, body, creation_moment, receiver_username, sender_username) values (25, 'Fusce lacus purus, aliquet at, feugiat non, pretium quis, lectus.', '2020-01-27', 'fricart1', 'cmingusn');
insert into messages (id, body, creation_moment, receiver_username, sender_username) values (26, 'Duis aliquam convallis nunc.', '2020-03-24', 'bfrancom1m', 'svear2f');
insert into messages (id, body, creation_moment, receiver_username, sender_username) values (27, 'Sed sagittis.', '2019-09-07', 'csingyardq', 'lbadgers1e');
insert into messages (id, body, creation_moment, receiver_username, sender_username) values (28, 'Nulla facilisi.', '2019-06-10', 'lhaffard15', 'mbaudina');
insert into messages (id, body, creation_moment, receiver_username, sender_username) values (29, 'Donec posuere metus vitae ipsum.', '2019-05-29', 'emacmenamieu', 'wleggatf');
insert into messages (id, body, creation_moment, receiver_username, sender_username) values (30, 'Lorem ipsum dolor sit amet, consectetuer adipiscing elit.', '2019-05-09', 'mmckinneyo', 'creuble0');
insert into messages (id, body, creation_moment, receiver_username, sender_username) values (31, 'Mauris lacinia sapien quis libero.', '2019-08-09', 'gprestedge16', 'rjurries7');
insert into messages (id, body, creation_moment, receiver_username, sender_username) values (32, 'Vivamus vestibulum sagittis sapien.', '2019-11-10', 'hlillgardx', 'mbaudina');
insert into messages (id, body, creation_moment, receiver_username, sender_username) values (33, 'Donec posuere metus vitae ipsum.', '2020-01-07', 'rvinnickz', 'negre3');
insert into messages (id, body, creation_moment, receiver_username, sender_username) values (34, 'Sed vel enim sit amet nunc viverra dapibus.', '2020-03-18', 'cstealey6', 'dhellyaru');
insert into messages (id, body, creation_moment, receiver_username, sender_username) values (35, 'Duis at velit eu est congue elementum.', '2019-12-06', 'wcolleymore19', 'bcarsonq');
insert into messages (id, body, creation_moment, receiver_username, sender_username) values (36, 'Pellentesque eget nunc.', '2019-08-05', 'apranglea', 'wsneezumg');
insert into messages (id, body, creation_moment, receiver_username, sender_username) values (37, 'Proin at turpis a pede posuere nonummy.', '2019-10-09', 'hseath1y', 'mbaudina');
insert into messages (id, body, creation_moment, receiver_username, sender_username) values (38, 'Morbi odio odio, elementum eu, interdum eu, tincidunt in, leo.', '2019-11-23', 'cmccane6', 'dalexanderi');
insert into messages (id, body, creation_moment, receiver_username, sender_username) values (39, 'In blandit ultrices enim.', '2019-07-21', 'glikly4', 'uzanioletti1j');
insert into messages (id, body, creation_moment, receiver_username, sender_username) values (40, 'Morbi vel lectus in quam fringilla rhoncus.', '2019-06-09', 'yklimkinr', 'dalexanderi');
insert into messages (id, body, creation_moment, receiver_username, sender_username) values (41, 'Pellentesque at nulla.', '2019-09-13', 'negre3', 'yklimkinr');
insert into messages (id, body, creation_moment, receiver_username, sender_username) values (42, 'Cum sociis natoque penatibus et magnis dis parturient montes, nascetur ridiculus mus.', '2020-02-10', 'agrealeyf', 'wsneezumg');
insert into messages (id, body, creation_moment, receiver_username, sender_username) values (43, 'Vivamus metus arcu, adipiscing molestie, hendrerit at, vulputate vitae, nisl.', '2019-11-20', 'cmacmeekan1z', 'jdrysdale9');
insert into messages (id, body, creation_moment, receiver_username, sender_username) values (44, 'Nam dui.', '2019-06-18', 'cmccane6', 'wcolleymore19');
insert into messages (id, body, creation_moment, receiver_username, sender_username) values (45, 'Integer ac neque.', '2019-08-04', 'negre3', 'agrealeyf');
insert into messages (id, body, creation_moment, receiver_username, sender_username) values (46, 'Morbi odio odio, elementum eu, interdum eu, tincidunt in, leo.', '2019-08-26', 'phucksk', 'wleggatf');
insert into messages (id, body, creation_moment, receiver_username, sender_username) values (47, 'Nulla justo.', '2020-02-29', 'glikly4', 'btowlj');
insert into messages (id, body, creation_moment, receiver_username, sender_username) values (48, 'Curabitur gravida nisi at nibh.', '2019-08-28', 'mkingzeth', 'phucksk');
insert into messages (id, body, creation_moment, receiver_username, sender_username) values (49, 'Nullam porttitor lacus at turpis.', '2019-06-30', 'emacmenamieu', 'vcloyv');
insert into messages (id, body, creation_moment, receiver_username, sender_username) values (50, 'Nulla facilisi.', '2019-12-02', 'tduplany', 'bwigmore10');
insert into messages (id, body, creation_moment, receiver_username, sender_username) values (51, 'Nam congue, risus semper porta volutpat, quam pede lobortis ligula, sit amet eleifend pede libero quis orci.', '2020-02-13', 'dmatskevich7', 'gprestedge16');
insert into messages (id, body, creation_moment, receiver_username, sender_username) values (52, 'Cras non velit nec nisi vulputate nonummy.', '2020-01-10', 'ejuszczyk1o', 'uzanioletti1j');
insert into messages (id, body, creation_moment, receiver_username, sender_username) values (53, 'Cras in purus eu magna vulputate luctus.', '2019-08-17', 'kfrowx', 'kwhatling1p');
insert into messages (id, body, creation_moment, receiver_username, sender_username) values (54, 'Sed sagittis.', '2020-04-13', 'ejuszczyk1o', 'mkennifick4');
insert into messages (id, body, creation_moment, receiver_username, sender_username) values (55, 'Sed ante.', '2020-04-23', 'creuble0', 'vspillman1b');
insert into messages (id, body, creation_moment, receiver_username, sender_username) values (56, 'Pellentesque at nulla.', '2020-01-22', 'dalexanderi', 'wsandesp');
insert into messages (id, body, creation_moment, receiver_username, sender_username) values (57, 'Vestibulum ante ipsum primis in faucibus orci luctus et ultrices posuere cubilia Curae; Donec pharetra, magna vestibulum aliquet ultrices, erat tortor sollicitudin mi, sit amet lobortis sapien sapien non mi.', '2019-10-03', 'hhowsleys', 'tpoile1d');
insert into messages (id, body, creation_moment, receiver_username, sender_username) values (58, 'Nullam molestie nibh in lectus.', '2019-05-07', 'blivzey13', 'jscholer2e');
insert into messages (id, body, creation_moment, receiver_username, sender_username) values (59, 'In tempor, turpis nec euismod scelerisque, quam turpis adipiscing lorem, vitae mattis nibh ligula nec sem.', '2020-01-05', 'glikly4', 'stesmond1v');
insert into messages (id, body, creation_moment, receiver_username, sender_username) values (60, 'Curabitur at ipsum ac tellus semper interdum.', '2019-07-04', 'mkennifick4', 'cstealey6');
insert into messages (id, body, creation_moment, receiver_username, sender_username) values (61, 'Donec vitae nisi.', '2020-02-15', 'mgaydon10', 'jstienham1a');
insert into messages (id, body, creation_moment, receiver_username, sender_username) values (62, 'Vestibulum ante ipsum primis in faucibus orci luctus et ultrices posuere cubilia Curae; Duis faucibus accumsan odio.', '2019-10-15', 'coxer1c', 'kfrowx');
insert into messages (id, body, creation_moment, receiver_username, sender_username) values (63, 'Pellentesque eget nunc.', '2019-10-25', 'bcarsonq', 'ahollows1l');
insert into messages (id, body, creation_moment, receiver_username, sender_username) values (64, 'Aenean auctor gravida sem.', '2019-10-25', 'rdunleavy0', 'nnaullsa');
insert into messages (id, body, creation_moment, receiver_username, sender_username) values (65, 'Praesent lectus.', '2019-09-18', 'dframmingham2', 'flongbothom11');
insert into messages (id, body, creation_moment, receiver_username, sender_username) values (66, 'Ut at dolor quis odio consequat varius.', '2020-04-15', 'rjurries7', 'ahollows1l');
insert into messages (id, body, creation_moment, receiver_username, sender_username) values (67, 'Quisque id justo sit amet sapien dignissim vestibulum.', '2019-11-21', 'gmanuaudk', 'flongbothom11');
insert into messages (id, body, creation_moment, receiver_username, sender_username) values (68, 'Morbi ut odio.', '2019-12-02', 'cmarcome1w', 'gprobin1u');
insert into messages (id, body, creation_moment, receiver_username, sender_username) values (69, 'Quisque ut erat.', '2019-10-17', 'dmatskevich7', 'jfarmloer');
insert into messages (id, body, creation_moment, receiver_username, sender_username) values (70, 'Vivamus tortor.', '2019-07-21', 'kstummeyer1x', 'hseath1y');
insert into messages (id, body, creation_moment, receiver_username, sender_username) values (71, 'Sed ante.', '2020-04-22', 'credierb', 'dbacken24');
insert into messages (id, body, creation_moment, receiver_username, sender_username) values (72, 'Aenean lectus.', '2019-11-24', 'whounshamh', 'nsmetounn');
insert into messages (id, body, creation_moment, receiver_username, sender_username) values (73, 'Aliquam erat volutpat.', '2019-11-03', 'negre3', 'rbordessa0');
insert into messages (id, body, creation_moment, receiver_username, sender_username) values (74, 'Donec ut dolor.', '2019-08-22', 'mgeraudy16', 'jgamet11');
insert into messages (id, body, creation_moment, receiver_username, sender_username) values (75, 'Vestibulum ac est lacinia nisi venenatis tristique.', '2019-09-11', 'blivzey13', 'kstummeyer1x');
insert into messages (id, body, creation_moment, receiver_username, sender_username) values (76, 'Nulla suscipit ligula in lacus.', '2020-02-15', 'btowlj', 'sknightly20');
insert into messages (id, body, creation_moment, receiver_username, sender_username) values (77, 'In hac habitasse platea dictumst.', '2019-12-24', 'credierb', 'dmatskevich7');
insert into messages (id, body, creation_moment, receiver_username, sender_username) values (78, 'Suspendisse potenti.', '2020-01-19', 'emacmenamieu', 'cmilans');
insert into messages (id, body, creation_moment, receiver_username, sender_username) values (79, 'Donec ut mauris eget massa tempor convallis.', '2019-06-02', 'jdrysdale9', 'kfrowx');
insert into messages (id, body, creation_moment, receiver_username, sender_username) values (80, 'Curabitur at ipsum ac tellus semper interdum.', '2019-08-26', 'uzanioletti1j', 'tduplany');
insert into messages (id, body, creation_moment, receiver_username, sender_username) values (81, 'Duis consequat dui nec nisi volutpat eleifend.', '2020-04-21', 'afahrenbach25', 'broby21');
insert into messages (id, body, creation_moment, receiver_username, sender_username) values (82, 'Suspendisse potenti.', '2019-11-22', 'cdowkere', 'htaysbilt');
insert into messages (id, body, creation_moment, receiver_username, sender_username) values (83, 'Suspendisse accumsan tortor quis turpis.', '2020-04-14', 'aviegasw', 'dlaroux12');
insert into messages (id, body, creation_moment, receiver_username, sender_username) values (84, 'Duis mattis egestas metus.', '2019-12-19', 'itendahl18', 'rrowbottoml');
insert into messages (id, body, creation_moment, receiver_username, sender_username) values (85, 'Proin at turpis a pede posuere nonummy.', '2019-08-01', 'dgorhami', 'aryder29');
insert into messages (id, body, creation_moment, receiver_username, sender_username) values (86, 'Aliquam non mauris.', '2019-12-12', 'aryder29', 'jfarmloer');
insert into messages (id, body, creation_moment, receiver_username, sender_username) values (87, 'Nullam porttitor lacus at turpis.', '2019-11-08', 'mleacyw', 'cmilans');
insert into messages (id, body, creation_moment, receiver_username, sender_username) values (88, 'Nam dui.', '2020-04-05', 'igrandisson12', 'wnotman2');
insert into messages (id, body, creation_moment, receiver_username, sender_username) values (89, 'Quisque id justo sit amet sapien dignissim vestibulum.', '2020-03-01', 'cstealey6', 'scuncliffe2a');
insert into messages (id, body, creation_moment, receiver_username, sender_username) values (90, 'Duis aliquam convallis nunc.', '2019-12-23', 'ejuszczyk1o', 'fricart1');
insert into messages (id, body, creation_moment, receiver_username, sender_username) values (91, 'Nullam orci pede, venenatis non, sodales sed, tincidunt eu, felis.', '2019-07-24', 'bcarsonq', 'anund5');
insert into messages (id, body, creation_moment, receiver_username, sender_username) values (92, 'Quisque porta volutpat erat.', '2019-08-20', 'kwhatling1p', 'jgamet11');
insert into messages (id, body, creation_moment, receiver_username, sender_username) values (93, 'Suspendisse ornare consequat lectus.', '2019-08-28', 'lbadgers1e', 'dalexanderi');
insert into messages (id, body, creation_moment, receiver_username, sender_username) values (94, 'In quis justo.', '2019-08-17', 'lcoadd', 'owinslade2');
insert into messages (id, body, creation_moment, receiver_username, sender_username) values (95, 'In sagittis dui vel nisl.', '2019-11-23', 'hhalton17', 'rbordessa0');
insert into messages (id, body, creation_moment, receiver_username, sender_username) values (96, 'Donec semper sapien a libero.', '2019-11-30', 'tmaunsellc', 'vcloyv');
insert into messages (id, body, creation_moment, receiver_username, sender_username) values (97, 'Vestibulum ante ipsum primis in faucibus orci luctus et ultrices posuere cubilia Curae; Mauris viverra diam vitae quam.', '2020-04-02', 'dalexanderi', 'bputleyc');
insert into messages (id, body, creation_moment, receiver_username, sender_username) values (98, 'In quis justo.', '2019-12-09', 'dframmingham2', 'mdroverz');
insert into messages (id, body, creation_moment, receiver_username, sender_username) values (99, 'Quisque ut erat.', '2020-01-04', 'idachey4', 'bheed2d');
insert into messages (id, body, creation_moment, receiver_username, sender_username) values (100, 'Aenean lectus.', '2019-11-04', 'dframmingham2', 'rvinnickz');
insert into messages (id, body, creation_moment, receiver_username, sender_username) values (101, 'Donec odio justo, sollicitudin ut, suscipit a, feugiat et, eros.', '2020-01-15', 'fbunch14', 'scuncliffe2a');
insert into messages (id, body, creation_moment, receiver_username, sender_username) values (102, 'Sed sagittis.', '2019-05-17', 'jshewsmith8', 'kcrinkley5');
insert into messages (id, body, creation_moment, receiver_username, sender_username) values (103, 'Donec ut mauris eget massa tempor convallis.', '2019-08-07', 'hrollingsp', 'csingyardq');
insert into messages (id, body, creation_moment, receiver_username, sender_username) values (104, 'Curabitur convallis.', '2020-04-08', 'rpashej', 'nmeiner1k');
insert into messages (id, body, creation_moment, receiver_username, sender_username) values (105, 'Ut tellus.', '2019-05-03', 'apranglea', 'tcregeen26');
insert into messages (id, body, creation_moment, receiver_username, sender_username) values (106, 'Praesent id massa id nisl venenatis lacinia.', '2019-06-16', 'cmilans', 'cguerry17');
insert into messages (id, body, creation_moment, receiver_username, sender_username) values (107, 'Pellentesque viverra pede ac diam.', '2019-05-20', 'owinslade2', 'vcloyv');
insert into messages (id, body, creation_moment, receiver_username, sender_username) values (108, 'Morbi porttitor lorem id ligula.', '2020-02-01', 'mfyndon2b', 'bpottinger27');
insert into messages (id, body, creation_moment, receiver_username, sender_username) values (109, 'In sagittis dui vel nisl.', '2019-06-04', 'wsandesp', 'gjilkesv');
insert into messages (id, body, creation_moment, receiver_username, sender_username) values (110, 'Quisque id justo sit amet sapien dignissim vestibulum.', '2019-05-04', 'phucksk', 'jwoodhalld');
insert into messages (id, body, creation_moment, receiver_username, sender_username) values (111, 'Suspendisse ornare consequat lectus.', '2019-07-09', 'dalexanderi', 'rbordessa0');
insert into messages (id, body, creation_moment, receiver_username, sender_username) values (112, 'Curabitur in libero ut massa volutpat convallis.', '2019-11-12', 'vspillman1b', 'wleggatf');
insert into messages (id, body, creation_moment, receiver_username, sender_username) values (113, 'Sed vel enim sit amet nunc viverra dapibus.', '2019-09-23', 'dhellyaru', 'flongbothom11');
insert into messages (id, body, creation_moment, receiver_username, sender_username) values (114, 'Quisque erat eros, viverra eget, congue eget, semper rutrum, nulla.', '2019-11-17', 'cmullesb', 'mmousley6');
insert into messages (id, body, creation_moment, receiver_username, sender_username) values (115, 'Fusce congue, diam id ornare imperdiet, sapien urna pretium nisl, ut volutpat sapien arcu sed augue.', '2019-07-15', 'jshewsmith8', 'kfrowx');
insert into messages (id, body, creation_moment, receiver_username, sender_username) values (116, 'Vivamus metus arcu, adipiscing molestie, hendrerit at, vulputate vitae, nisl.', '2019-05-29', 'lcoadd', 'cmullesb');
insert into messages (id, body, creation_moment, receiver_username, sender_username) values (117, 'Proin risus.', '2019-10-08', 'mmckinneyo', 'rdunleavy0');
insert into messages (id, body, creation_moment, receiver_username, sender_username) values (118, 'Vivamus vel nulla eget eros elementum pellentesque.', '2019-11-11', 'rjeavons14', 'whounshamh');
insert into messages (id, body, creation_moment, receiver_username, sender_username) values (119, 'Etiam pretium iaculis justo.', '2019-06-16', 'kstummeyer1x', 'penrdigom');
insert into messages (id, body, creation_moment, receiver_username, sender_username) values (120, 'Vivamus vestibulum sagittis sapien.', '2019-10-26', 'gimpy1s', 'fricart1');
insert into messages (id, body, creation_moment, receiver_username, sender_username) values (121, 'Fusce lacus purus, aliquet at, feugiat non, pretium quis, lectus.', '2019-07-20', 'belion2h', 'lcoadd');
insert into messages (id, body, creation_moment, receiver_username, sender_username) values (122, 'Integer tincidunt ante vel ipsum.', '2019-05-03', 'hfilisov13', 'nmeiner1k');
insert into messages (id, body, creation_moment, receiver_username, sender_username) values (123, 'Quisque ut erat.', '2019-06-05', 'nsmetounn', 'belion2h');
insert into messages (id, body, creation_moment, receiver_username, sender_username) values (124, 'Vestibulum ante ipsum primis in faucibus orci luctus et ultrices posuere cubilia Curae; Nulla dapibus dolor vel est.', '2019-09-16', 'apranglea', 'yklimkinr');
insert into messages (id, body, creation_moment, receiver_username, sender_username) values (125, 'Duis bibendum.', '2019-09-22', 'lbadgers1e', 'idachey4');
insert into messages (id, body, creation_moment, receiver_username, sender_username) values (126, 'Ut at dolor quis odio consequat varius.', '2019-10-27', 'rjeavons14', 'lricardoum');
insert into messages (id, body, creation_moment, receiver_username, sender_username) values (127, 'In est risus, auctor sed, tristique in, tempus sit amet, sem.', '2020-04-29', 'rgeorges2g', 'aryder29');
insert into messages (id, body, creation_moment, receiver_username, sender_username) values (128, 'Vestibulum ante ipsum primis in faucibus orci luctus et ultrices posuere cubilia Curae; Donec pharetra, magna vestibulum aliquet ultrices, erat tortor sollicitudin mi, sit amet lobortis sapien sapien non mi.', '2019-10-24', 'rbrason23', 'sknightly20');
insert into messages (id, body, creation_moment, receiver_username, sender_username) values (129, 'Curabitur at ipsum ac tellus semper interdum.', '2020-01-04', 'aarnoldi7', 'jfarmloer');
insert into messages (id, body, creation_moment, receiver_username, sender_username) values (130, 'Nunc nisl.', '2019-09-04', 'ahollows1l', 'jgamet11');
insert into messages (id, body, creation_moment, receiver_username, sender_username) values (131, 'Aliquam quis turpis eget elit sodales scelerisque.', '2019-11-22', 'bkeeping1g', 'rbrason23');
insert into messages (id, body, creation_moment, receiver_username, sender_username) values (132, 'Integer aliquet, massa id lobortis convallis, tortor risus dapibus augue, vel accumsan tellus nisi eu orci.', '2019-08-05', 'wleggatf', 'btowlj');
insert into messages (id, body, creation_moment, receiver_username, sender_username) values (133, 'Integer a nibh.', '2019-09-15', 'dlaroux12', 'dbacken24');
insert into messages (id, body, creation_moment, receiver_username, sender_username) values (134, 'In hac habitasse platea dictumst.', '2019-12-04', 'scuncliffe2a', 'yklimkinr');
insert into messages (id, body, creation_moment, receiver_username, sender_username) values (135, 'Nulla suscipit ligula in lacus.', '2019-06-14', 'cmarcome1w', 'nnaullsa');
insert into messages (id, body, creation_moment, receiver_username, sender_username) values (136, 'Maecenas pulvinar lobortis est.', '2019-12-28', 'lhaffard15', 'lricardoum');
insert into messages (id, body, creation_moment, receiver_username, sender_username) values (137, 'Duis consequat dui nec nisi volutpat eleifend.', '2019-06-09', 'mkennifick4', 'nsmetounn');
insert into messages (id, body, creation_moment, receiver_username, sender_username) values (138, 'Suspendisse accumsan tortor quis turpis.', '2019-10-15', 'btowlj', 'mdroverz');
insert into messages (id, body, creation_moment, receiver_username, sender_username) values (139, 'Vivamus tortor.', '2019-10-27', 'rbordessa0', 'phucksk');
insert into messages (id, body, creation_moment, receiver_username, sender_username) values (140, 'Proin interdum mauris non ligula pellentesque ultrices.', '2019-08-20', 'flongbothom11', 'rsyvret3');
insert into messages (id, body, creation_moment, receiver_username, sender_username) values (141, 'Nullam sit amet turpis elementum ligula vehicula consequat.', '2019-11-28', 'broby21', 'rrowbottoml');
insert into messages (id, body, creation_moment, receiver_username, sender_username) values (142, 'Aenean sit amet justo.', '2019-08-12', 'emacmenamieu', 'mdroverz');
insert into messages (id, body, creation_moment, receiver_username, sender_username) values (143, 'Proin interdum mauris non ligula pellentesque ultrices.', '2019-09-14', 'scuncliffe2a', 'dhellyaru');
insert into messages (id, body, creation_moment, receiver_username, sender_username) values (144, 'Aliquam quis turpis eget elit sodales scelerisque.', '2019-08-11', 'whounshamh', 'anund5');
insert into messages (id, body, creation_moment, receiver_username, sender_username) values (145, 'Etiam vel augue.', '2020-02-29', 'jscholer2e', 'emacmenamieu');
insert into messages (id, body, creation_moment, receiver_username, sender_username) values (146, 'Nulla facilisi.', '2020-02-06', 'bkellarto', 'csingyardq');
insert into messages (id, body, creation_moment, receiver_username, sender_username) values (147, 'Proin at turpis a pede posuere nonummy.', '2019-08-08', 'adacres8', 'htaysbilt');
insert into messages (id, body, creation_moment, receiver_username, sender_username) values (148, 'Morbi quis tortor id nulla ultrices aliquet.', '2020-04-12', 'rpashej', 'rrowbottoml');
insert into messages (id, body, creation_moment, receiver_username, sender_username) values (149, 'Nulla ac enim.', '2019-12-26', 'acavellt', 'kcrinkley5');
insert into messages (id, body, creation_moment, receiver_username, sender_username) values (150, 'Nulla ut erat id mauris vulputate elementum.', '2019-07-01', 'bcarsonq', 'credierb');
insert into messages (id, body, creation_moment, receiver_username, sender_username) values (151, 'Maecenas tristique, est et tempus semper, est quam pharetra magna, ac consequat metus sapien ut nunc.', '2020-04-01', 'flongbothom11', 'dalexanderi');
insert into messages (id, body, creation_moment, receiver_username, sender_username) values (152, 'Integer ac leo.', '2020-03-05', 'credierb', 'dballchin1');
insert into messages (id, body, creation_moment, receiver_username, sender_username) values (153, 'Nulla facilisi.', '2019-05-23', 'negre3', 'anund5');
insert into messages (id, body, creation_moment, receiver_username, sender_username) values (154, 'Vestibulum ac est lacinia nisi venenatis tristique.', '2019-11-07', 'anund5', 'gprestedge16');
insert into messages (id, body, creation_moment, receiver_username, sender_username) values (155, 'Nunc purus.', '2019-06-08', 'wcolleymore19', 'btowlj');
insert into messages (id, body, creation_moment, receiver_username, sender_username) values (156, 'Maecenas ut massa quis augue luctus tincidunt.', '2019-12-26', 'wsandesp', 'rbrason23');
insert into messages (id, body, creation_moment, receiver_username, sender_username) values (157, 'Etiam pretium iaculis justo.', '2020-04-20', 'scuncliffe2a', 'rsquibb9');
insert into messages (id, body, creation_moment, receiver_username, sender_username) values (158, 'Etiam pretium iaculis justo.', '2019-09-23', 'negre3', 'cmccane6');
insert into messages (id, body, creation_moment, receiver_username, sender_username) values (159, 'In hac habitasse platea dictumst.', '2020-03-21', 'cdowkere', 'bpottinger27');
insert into messages (id, body, creation_moment, receiver_username, sender_username) values (160, 'Nam tristique tortor eu pede.', '2019-06-15', 'coxer1c', 'aviegasw');
insert into messages (id, body, creation_moment, receiver_username, sender_username) values (161, 'In congue.', '2020-02-20', 'mkennifick4', 'vcloyv');
insert into messages (id, body, creation_moment, receiver_username, sender_username) values (162, 'Nunc nisl.', '2019-08-23', 'lhaffard15', 'mmousley6');
insert into messages (id, body, creation_moment, receiver_username, sender_username) values (163, 'Proin at turpis a pede posuere nonummy.', '2020-01-28', 'agrealeyf', 'efarnalld');
insert into messages (id, body, creation_moment, receiver_username, sender_username) values (164, 'Phasellus id sapien in sapien iaculis congue.', '2019-08-06', 'coxer1c', 'jfarmloer');
insert into messages (id, body, creation_moment, receiver_username, sender_username) values (165, 'Donec posuere metus vitae ipsum.', '2019-12-05', 'gprestedge16', 'iantosik18');
insert into messages (id, body, creation_moment, receiver_username, sender_username) values (166, 'Curabitur convallis.', '2019-05-28', 'ocrightenc', 'scuncliffe2a');
insert into messages (id, body, creation_moment, receiver_username, sender_username) values (167, 'Etiam pretium iaculis justo.', '2019-05-09', 'kcrinkley5', 'rsyvret3');
insert into messages (id, body, creation_moment, receiver_username, sender_username) values (168, 'Suspendisse potenti.', '2019-08-07', 'acavellt', 'glikly4');
insert into messages (id, body, creation_moment, receiver_username, sender_username) values (169, 'Morbi vel lectus in quam fringilla rhoncus.', '2020-02-01', 'rgeorges2g', 'idachey4');
insert into messages (id, body, creation_moment, receiver_username, sender_username) values (170, 'Donec ut dolor.', '2019-07-11', 'dmatskevich7', 'jshewsmith8');
insert into messages (id, body, creation_moment, receiver_username, sender_username) values (171, 'Vestibulum sed magna at nunc commodo placerat.', '2020-01-10', 'jshewsmith8', 'cguerry17');
insert into messages (id, body, creation_moment, receiver_username, sender_username) values (172, 'Sed accumsan felis.', '2019-07-18', 'nnaullsa', 'whounshamh');
insert into messages (id, body, creation_moment, receiver_username, sender_username) values (173, 'Praesent blandit.', '2020-03-02', 'rphonix1n', 'hlillgardx');
insert into messages (id, body, creation_moment, receiver_username, sender_username) values (174, 'Morbi a ipsum.', '2020-02-11', 'hfilisov13', 'penrdigom');
insert into messages (id, body, creation_moment, receiver_username, sender_username) values (175, 'Pellentesque ultrices mattis odio.', '2019-06-01', 'jfarmloer', 'broby21');
insert into messages (id, body, creation_moment, receiver_username, sender_username) values (176, 'Integer tincidunt ante vel ipsum.', '2019-11-17', 'mkingzeth', 'vcasero8');
insert into messages (id, body, creation_moment, receiver_username, sender_username) values (177, 'In congue.', '2019-06-23', 'rphonix1n', 'dgorhami');
insert into messages (id, body, creation_moment, receiver_username, sender_username) values (178, 'Aliquam erat volutpat.', '2020-01-17', 'bkeeping1g', 'bheed2d');
insert into messages (id, body, creation_moment, receiver_username, sender_username) values (179, 'Nunc nisl.', '2020-03-10', 'phucksk', 'phucksk');
insert into messages (id, body, creation_moment, receiver_username, sender_username) values (180, 'Integer a nibh.', '2019-05-14', 'gmanuaudk', 'bheed2d');
insert into messages (id, body, creation_moment, receiver_username, sender_username) values (181, 'Praesent id massa id nisl venenatis lacinia.', '2019-06-29', 'sknightly20', 'bwigmore10');
insert into messages (id, body, creation_moment, receiver_username, sender_username) values (182, 'Donec odio justo, sollicitudin ut, suscipit a, feugiat et, eros.', '2019-12-10', 'fbunch14', 'fricart1');
insert into messages (id, body, creation_moment, receiver_username, sender_username) values (183, 'Lorem ipsum dolor sit amet, consectetuer adipiscing elit.', '2020-04-24', 'gjilkesv', 'gprobin1u');
insert into messages (id, body, creation_moment, receiver_username, sender_username) values (184, 'Donec quis orci eget orci vehicula condimentum.', '2019-08-23', 'stesmond1v', 'hhowsleys');
insert into messages (id, body, creation_moment, receiver_username, sender_username) values (185, 'Vestibulum ante ipsum primis in faucibus orci luctus et ultrices posuere cubilia Curae; Mauris viverra diam vitae quam.', '2020-02-28', 'dgorhami', 'dballchin1');
insert into messages (id, body, creation_moment, receiver_username, sender_username) values (186, 'Suspendisse potenti.', '2019-10-10', 'kfrowx', 'dlaroux12');
insert into messages (id, body, creation_moment, receiver_username, sender_username) values (187, 'Duis ac nibh.', '2019-06-08', 'cstealey6', 'jgamet11');
insert into messages (id, body, creation_moment, receiver_username, sender_username) values (188, 'Vivamus tortor.', '2020-02-22', 'afahrenbach25', 'cmilans');
insert into messages (id, body, creation_moment, receiver_username, sender_username) values (189, 'Duis aliquam convallis nunc.', '2019-09-05', 'mmcgaheye', 'aryder29');
insert into messages (id, body, creation_moment, receiver_username, sender_username) values (190, 'Praesent blandit.', '2020-01-23', 'fbunch14', 'gprobin1u');
insert into messages (id, body, creation_moment, receiver_username, sender_username) values (191, 'In quis justo.', '2019-07-19', 'mbaudina', 'gjilkesv');
insert into messages (id, body, creation_moment, receiver_username, sender_username) values (192, 'Lorem ipsum dolor sit amet, consectetuer adipiscing elit.', '2019-09-25', 'fchatainier2c', 'mgeraudy16');
insert into messages (id, body, creation_moment, receiver_username, sender_username) values (193, 'In tempor, turpis nec euismod scelerisque, quam turpis adipiscing lorem, vitae mattis nibh ligula nec sem.', '2020-01-01', 'mgaydon10', 'negre3');
insert into messages (id, body, creation_moment, receiver_username, sender_username) values (194, 'Aliquam erat volutpat.', '2020-03-01', 'broby21', 'hlillgardx');
insert into messages (id, body, creation_moment, receiver_username, sender_username) values (195, 'Fusce consequat.', '2019-08-30', 'idachey4', 'rvinnickz');
insert into messages (id, body, creation_moment, receiver_username, sender_username) values (196, 'Nam dui.', '2020-01-29', 'btowlj', 'jdrysdale9');
insert into messages (id, body, creation_moment, receiver_username, sender_username) values (197, 'Duis consequat dui nec nisi volutpat eleifend.', '2019-06-07', 'wsneezumg', 'ochillistone9');
insert into messages (id, body, creation_moment, receiver_username, sender_username) values (198, 'Curabitur convallis.', '2020-01-16', 'scuncliffe2a', 'gdemerida1h');
insert into messages (id, body, creation_moment, receiver_username, sender_username) values (199, 'Duis mattis egestas metus.', '2019-12-18', 'ocrightenc', 'cguerry17');
insert into messages (id, body, creation_moment, receiver_username, sender_username) values (200, 'Praesent blandit.', '2020-01-21', 'tcregeen26', 'acavellt');
insert into messages (id, body, creation_moment, receiver_username, sender_username) values (201, 'Phasellus id sapien in sapien iaculis congue.', '2019-09-11', 'rgeorges2g', 'kfrowx');
insert into messages (id, body, creation_moment, receiver_username, sender_username) values (202, 'Morbi non quam nec dui luctus rutrum.', '2019-07-31', 'hlillgardx', 'negre3');
insert into messages (id, body, creation_moment, receiver_username, sender_username) values (203, 'Aliquam augue quam, sollicitudin vitae, consectetuer eget, rutrum at, lorem.', '2019-08-21', 'idachey4', 'lhaffard15');
insert into messages (id, body, creation_moment, receiver_username, sender_username) values (204, 'Sed vel enim sit amet nunc viverra dapibus.', '2020-03-02', 'stesmond1v', 'btowlj');
insert into messages (id, body, creation_moment, receiver_username, sender_username) values (205, 'Integer pede justo, lacinia eget, tincidunt eget, tempus vel, pede.', '2019-09-26', 'dframmingham2', 'ocrightenc');
insert into messages (id, body, creation_moment, receiver_username, sender_username) values (206, 'In est risus, auctor sed, tristique in, tempus sit amet, sem.', '2019-06-27', 'bputleyc', 'lhaffard15');
insert into messages (id, body, creation_moment, receiver_username, sender_username) values (207, 'Quisque ut erat.', '2019-11-12', 'agrealeyf', 'gmanuaudk');
insert into messages (id, body, creation_moment, receiver_username, sender_username) values (208, 'Curabitur in libero ut massa volutpat convallis.', '2020-04-03', 'tcregeen26', 'afahrenbach25');
insert into messages (id, body, creation_moment, receiver_username, sender_username) values (209, 'Etiam vel augue.', '2019-06-14', 'mfyndon2b', 'kstummeyer1x');
insert into messages (id, body, creation_moment, receiver_username, sender_username) values (210, 'In congue.', '2019-06-03', 'hlillgardx', 'stesmond1v');
insert into messages (id, body, creation_moment, receiver_username, sender_username) values (211, 'Quisque erat eros, viverra eget, congue eget, semper rutrum, nulla.', '2019-11-05', 'mkennifick4', 'broby21');
insert into messages (id, body, creation_moment, receiver_username, sender_username) values (212, 'Nulla neque libero, convallis eget, eleifend luctus, ultricies eu, nibh.', '2019-07-23', 'acordingly22', 'gimpy1s');
insert into messages (id, body, creation_moment, receiver_username, sender_username) values (213, 'Sed ante.', '2019-10-31', 'glikly4', 'ochillistone9');
insert into messages (id, body, creation_moment, receiver_username, sender_username) values (214, 'Vivamus vel nulla eget eros elementum pellentesque.', '2019-05-06', 'emeco1t', 'tduplany');
insert into messages (id, body, creation_moment, receiver_username, sender_username) values (215, 'Integer aliquet, massa id lobortis convallis, tortor risus dapibus augue, vel accumsan tellus nisi eu orci.', '2019-11-15', 'tduplany', 'nmeiner1k');
insert into messages (id, body, creation_moment, receiver_username, sender_username) values (216, 'Mauris ullamcorper purus sit amet nulla.', '2019-10-17', 'blivzey13', 'cguerry17');
insert into messages (id, body, creation_moment, receiver_username, sender_username) values (217, 'Vestibulum ante ipsum primis in faucibus orci luctus et ultrices posuere cubilia Curae; Mauris viverra diam vitae quam.', '2019-10-22', 'mkennifick4', 'cmullesb');
insert into messages (id, body, creation_moment, receiver_username, sender_username) values (218, 'In congue.', '2019-07-16', 'jdavieb', 'fdodge15');
insert into messages (id, body, creation_moment, receiver_username, sender_username) values (219, 'Donec dapibus.', '2020-01-14', 'itendahl18', 'acavellt');
insert into messages (id, body, creation_moment, receiver_username, sender_username) values (220, 'Aliquam quis turpis eget elit sodales scelerisque.', '2019-05-31', 'wcolleymore19', 'dbacken24');
insert into messages (id, body, creation_moment, receiver_username, sender_username) values (221, 'Vestibulum ante ipsum primis in faucibus orci luctus et ultrices posuere cubilia Curae; Duis faucibus accumsan odio.', '2020-03-13', 'broby21', 'emeco1t');
insert into messages (id, body, creation_moment, receiver_username, sender_username) values (222, 'Vestibulum ante ipsum primis in faucibus orci luctus et ultrices posuere cubilia Curae; Duis faucibus accumsan odio.', '2020-03-14', 'lcoadd', 'rbordessa0');
insert into messages (id, body, creation_moment, receiver_username, sender_username) values (223, 'Lorem ipsum dolor sit amet, consectetuer adipiscing elit.', '2019-10-16', 'ejuszczyk1o', 'fricart1');
insert into messages (id, body, creation_moment, receiver_username, sender_username) values (224, 'Quisque arcu libero, rutrum ac, lobortis vel, dapibus at, diam.', '2019-05-16', 'kwhatling1p', 'nmeiner1k');
insert into messages (id, body, creation_moment, receiver_username, sender_username) values (225, 'Ut at dolor quis odio consequat varius.', '2019-11-17', 'lcoadd', 'emeco1t');
insert into messages (id, body, creation_moment, receiver_username, sender_username) values (226, 'Nulla mollis molestie lorem.', '2019-08-21', 'zcrittal1f', 'rsyvret3');
insert into messages (id, body, creation_moment, receiver_username, sender_username) values (227, 'Nullam varius.', '2019-10-04', 'rrowbottoml', 'coxer1c');
insert into messages (id, body, creation_moment, receiver_username, sender_username) values (228, 'In hac habitasse platea dictumst.', '2020-01-31', 'jdunnetg', 'tduplany');
insert into messages (id, body, creation_moment, receiver_username, sender_username) values (229, 'Fusce consequat.', '2020-02-23', 'rphonix1n', 'dlaroux12');
insert into messages (id, body, creation_moment, receiver_username, sender_username) values (230, 'Cum sociis natoque penatibus et magnis dis parturient montes, nascetur ridiculus mus.', '2019-10-15', 'penrdigom', 'gdemerida1h');
insert into messages (id, body, creation_moment, receiver_username, sender_username) values (231, 'Duis bibendum, felis sed interdum venenatis, turpis enim blandit mi, in porttitor pede justo eu massa.', '2019-10-01', 'gdemerida1h', 'bfrancom1m');
insert into messages (id, body, creation_moment, receiver_username, sender_username) values (232, 'Nam dui.', '2019-11-23', 'kfrowx', 'cmccane6');
insert into messages (id, body, creation_moment, receiver_username, sender_username) values (233, 'Etiam faucibus cursus urna.', '2020-02-12', 'rsquibb9', 'mgaydon10');
insert into messages (id, body, creation_moment, receiver_username, sender_username) values (234, 'Proin at turpis a pede posuere nonummy.', '2020-01-16', 'agrealeyf', 'dcoggon1i');
insert into messages (id, body, creation_moment, receiver_username, sender_username) values (235, 'Nulla suscipit ligula in lacus.', '2019-06-18', 'mfyndon2b', 'mgeraudy16');
insert into messages (id, body, creation_moment, receiver_username, sender_username) values (236, 'Proin leo odio, porttitor id, consequat in, consequat ut, nulla.', '2019-09-12', 'blivzey13', 'glikly4');
insert into messages (id, body, creation_moment, receiver_username, sender_username) values (237, 'Fusce posuere felis sed lacus.', '2019-05-29', 'acordingly22', 'gjilkesv');
insert into messages (id, body, creation_moment, receiver_username, sender_username) values (238, 'Donec diam neque, vestibulum eget, vulputate ut, ultrices vel, augue.', '2019-07-15', 'aryder29', 'acordingly22');
insert into messages (id, body, creation_moment, receiver_username, sender_username) values (239, 'Sed sagittis.', '2019-11-26', 'wcolleymore19', 'dlaroux12');
insert into messages (id, body, creation_moment, receiver_username, sender_username) values (240, 'In blandit ultrices enim.', '2019-06-02', 'bfrancom1m', 'credierb');
insert into messages (id, body, creation_moment, receiver_username, sender_username) values (241, 'Vivamus metus arcu, adipiscing molestie, hendrerit at, vulputate vitae, nisl.', '2019-11-09', 'gprestedge16', 'rjurries7');
insert into messages (id, body, creation_moment, receiver_username, sender_username) values (242, 'Aenean lectus.', '2019-11-27', 'phucksk', 'tduplany');
insert into messages (id, body, creation_moment, receiver_username, sender_username) values (243, 'Nam ultrices, libero non mattis pulvinar, nulla pede ullamcorper augue, a suscipit nulla elit ac nulla.', '2020-03-12', 'rbordessa0', 'jshewsmith8');
insert into messages (id, body, creation_moment, receiver_username, sender_username) values (244, 'In hac habitasse platea dictumst.', '2019-06-17', 'bpottinger27', 'coxer1c');
insert into messages (id, body, creation_moment, receiver_username, sender_username) values (245, 'Praesent id massa id nisl venenatis lacinia.', '2019-08-14', 'adacres8', 'vcloyv');
insert into messages (id, body, creation_moment, receiver_username, sender_username) values (246, 'Maecenas pulvinar lobortis est.', '2019-08-05', 'lbadgers1e', 'phucksk');
insert into messages (id, body, creation_moment, receiver_username, sender_username) values (247, 'Maecenas pulvinar lobortis est.', '2019-10-15', 'jdrysdale9', 'cdowkere');
insert into messages (id, body, creation_moment, receiver_username, sender_username) values (248, 'Sed accumsan felis.', '2019-10-10', 'whounshamh', 'kwhatling1p');
insert into messages (id, body, creation_moment, receiver_username, sender_username) values (249, 'Nulla mollis molestie lorem.', '2019-07-26', 'coxer1c', 'rjurries7');
insert into messages (id, body, creation_moment, receiver_username, sender_username) values (250, 'Vestibulum ante ipsum primis in faucibus orci luctus et ultrices posuere cubilia Curae; Donec pharetra, magna vestibulum aliquet ultrices, erat tortor sollicitudin mi, sit amet lobortis sapien sapien non mi.', '2019-12-26', 'nnaullsa', 'credierb');
insert into messages (id, body, creation_moment, receiver_username, sender_username) values (251, 'Cras in purus eu magna vulputate luctus.', '2019-12-25', 'nmeiner1k', 'forrom1r');
insert into messages (id, body, creation_moment, receiver_username, sender_username) values (252, 'Duis ac nibh.', '2019-05-22', 'broby21', 'mgeraudy16');
insert into messages (id, body, creation_moment, receiver_username, sender_username) values (253, 'Quisque porta volutpat erat.', '2020-01-17', 'kcrinkley5', 'gprobin1u');
insert into messages (id, body, creation_moment, receiver_username, sender_username) values (254, 'Nam congue, risus semper porta volutpat, quam pede lobortis ligula, sit amet eleifend pede libero quis orci.', '2019-05-15', 'tscranney28', 'adrakard5');
insert into messages (id, body, creation_moment, receiver_username, sender_username) values (255, 'Nullam sit amet turpis elementum ligula vehicula consequat.', '2019-11-26', 'credierb', 'bpottinger27');
insert into messages (id, body, creation_moment, receiver_username, sender_username) values (256, 'Sed ante.', '2020-03-26', 'kwhatling1p', 'mkennifick4');
insert into messages (id, body, creation_moment, receiver_username, sender_username) values (257, 'Cras non velit nec nisi vulputate nonummy.', '2020-01-31', 'gimpy1s', 'cmarcome1w');
insert into messages (id, body, creation_moment, receiver_username, sender_username) values (258, 'Nam dui.', '2019-10-02', 'adacres8', 'ocrightenc');
insert into messages (id, body, creation_moment, receiver_username, sender_username) values (259, 'Phasellus id sapien in sapien iaculis congue.', '2019-06-05', 'mkingzeth', 'hrollingsp');
insert into messages (id, body, creation_moment, receiver_username, sender_username) values (260, 'In quis justo.', '2019-12-22', 'bpottinger27', 'ebussely');
insert into messages (id, body, creation_moment, receiver_username, sender_username) values (261, 'Quisque erat eros, viverra eget, congue eget, semper rutrum, nulla.', '2019-10-14', 'hrollingsp', 'wleggatf');
insert into messages (id, body, creation_moment, receiver_username, sender_username) values (262, 'Pellentesque viverra pede ac diam.', '2019-05-29', 'csingyardq', 'dlaroux12');
insert into messages (id, body, creation_moment, receiver_username, sender_username) values (263, 'Phasellus sit amet erat.', '2019-09-18', 'fchatainier2c', 'gprobin1u');
insert into messages (id, body, creation_moment, receiver_username, sender_username) values (264, 'Sed vel enim sit amet nunc viverra dapibus.', '2020-01-07', 'mbaudina', 'wleggatf');
insert into messages (id, body, creation_moment, receiver_username, sender_username) values (265, 'Suspendisse potenti.', '2019-09-29', 'mmousley6', 'negre3');
insert into messages (id, body, creation_moment, receiver_username, sender_username) values (266, 'Sed ante.', '2019-06-08', 'dgorhami', 'aarnoldi7');
insert into messages (id, body, creation_moment, receiver_username, sender_username) values (267, 'Praesent blandit.', '2019-10-20', 'rbordessa0', 'gprobin1u');
insert into messages (id, body, creation_moment, receiver_username, sender_username) values (268, 'In hac habitasse platea dictumst.', '2020-04-19', 'jwoodhalld', 'bkellarto');
insert into messages (id, body, creation_moment, receiver_username, sender_username) values (269, 'Sed accumsan felis.', '2019-08-12', 'mmckinneyo', 'bkeeping1g');
insert into messages (id, body, creation_moment, receiver_username, sender_username) values (270, 'Duis bibendum.', '2019-12-05', 'tpoile1d', 'wsandesp');
insert into messages (id, body, creation_moment, receiver_username, sender_username) values (271, 'Suspendisse ornare consequat lectus.', '2019-09-18', 'dballchin1', 'gjilkesv');
insert into messages (id, body, creation_moment, receiver_username, sender_username) values (272, 'Aliquam sit amet diam in magna bibendum imperdiet.', '2019-06-25', 'bputleyc', 'gbaumber1q');
insert into messages (id, body, creation_moment, receiver_username, sender_username) values (273, 'Mauris lacinia sapien quis libero.', '2020-03-26', 'bputleyc', 'forrom1r');
insert into messages (id, body, creation_moment, receiver_username, sender_username) values (274, 'Nulla mollis molestie lorem.', '2019-10-10', 'afahrenbach25', 'rgeorges2g');
insert into messages (id, body, creation_moment, receiver_username, sender_username) values (275, 'In hac habitasse platea dictumst.', '2020-02-29', 'wsandesp', 'svear2f');
insert into messages (id, body, creation_moment, receiver_username, sender_username) values (276, 'Quisque id justo sit amet sapien dignissim vestibulum.', '2019-11-22', 'mveljese', 'fdodge15');
insert into messages (id, body, creation_moment, receiver_username, sender_username) values (277, 'Mauris sit amet eros.', '2020-01-26', 'gprestedge16', 'jfarmloer');
insert into messages (id, body, creation_moment, receiver_username, sender_username) values (278, 'Integer a nibh.', '2019-12-26', 'bputleyc', 'owinslade2');
insert into messages (id, body, creation_moment, receiver_username, sender_username) values (279, 'Nulla tempus.', '2019-10-29', 'gjilkesv', 'acordingly22');
insert into messages (id, body, creation_moment, receiver_username, sender_username) values (280, 'In hac habitasse platea dictumst.', '2019-08-28', 'credierb', 'nmeiner1k');
insert into messages (id, body, creation_moment, receiver_username, sender_username) values (281, 'Curabitur at ipsum ac tellus semper interdum.', '2020-03-09', 'rjeavons14', 'csingyardq');
insert into messages (id, body, creation_moment, receiver_username, sender_username) values (282, 'Praesent blandit.', '2019-09-12', 'uzanioletti1j', 'bkeeping1g');
insert into messages (id, body, creation_moment, receiver_username, sender_username) values (283, 'In sagittis dui vel nisl.', '2019-05-26', 'jdunnetg', 'aryder29');
insert into messages (id, body, creation_moment, receiver_username, sender_username) values (284, 'Donec semper sapien a libero.', '2019-09-29', 'afahrenbach25', 'igrandisson12');
insert into messages (id, body, creation_moment, receiver_username, sender_username) values (285, 'Integer tincidunt ante vel ipsum.', '2020-02-05', 'efarnalld', 'lcoadd');
insert into messages (id, body, creation_moment, receiver_username, sender_username) values (286, 'Phasellus id sapien in sapien iaculis congue.', '2020-01-12', 'tcregeen26', 'forrom1r');
insert into messages (id, body, creation_moment, receiver_username, sender_username) values (287, 'Quisque porta volutpat erat.', '2020-03-31', 'dhellyaru', 'apranglea');
insert into messages (id, body, creation_moment, receiver_username, sender_username) values (288, 'Quisque ut erat.', '2019-09-01', 'stesmond1v', 'dbacken24');
insert into messages (id, body, creation_moment, receiver_username, sender_username) values (289, 'Duis at velit eu est congue elementum.', '2020-02-23', 'efarnalld', 'rdunleavy0');
insert into messages (id, body, creation_moment, receiver_username, sender_username) values (290, 'In hac habitasse platea dictumst.', '2019-12-16', 'kwhatling1p', 'wsandesp');
insert into messages (id, body, creation_moment, receiver_username, sender_username) values (291, 'Integer aliquet, massa id lobortis convallis, tortor risus dapibus augue, vel accumsan tellus nisi eu orci.', '2019-12-28', 'forrom1r', 'lcoadd');
insert into messages (id, body, creation_moment, receiver_username, sender_username) values (292, 'Curabitur at ipsum ac tellus semper interdum.', '2019-10-21', 'dlaroux12', 'aviegasw');
insert into messages (id, body, creation_moment, receiver_username, sender_username) values (293, 'In tempor, turpis nec euismod scelerisque, quam turpis adipiscing lorem, vitae mattis nibh ligula nec sem.', '2020-03-15', 'rbrason23', 'mbaudina');
insert into messages (id, body, creation_moment, receiver_username, sender_username) values (294, 'Morbi sem mauris, laoreet ut, rhoncus aliquet, pulvinar sed, nisl.', '2019-06-27', 'kcrinkley5', 'kcrinkley5');
insert into messages (id, body, creation_moment, receiver_username, sender_username) values (295, 'Fusce lacus purus, aliquet at, feugiat non, pretium quis, lectus.', '2020-04-20', 'agrealeyf', 'cmacmeekan1z');
insert into messages (id, body, creation_moment, receiver_username, sender_username) values (296, 'In eleifend quam a odio.', '2020-02-09', 'negre3', 'mmousley6');
insert into messages (id, body, creation_moment, receiver_username, sender_username) values (297, 'Mauris ullamcorper purus sit amet nulla.', '2019-09-10', 'efarnalld', 'bwigmore10');
insert into messages (id, body, creation_moment, receiver_username, sender_username) values (298, 'Phasellus sit amet erat.', '2020-01-08', 'nnaullsa', 'cstealey6');
insert into messages (id, body, creation_moment, receiver_username, sender_username) values (299, 'Vivamus vel nulla eget eros elementum pellentesque.', '2019-06-16', 'wsandesp', 'rsquibb9');
insert into messages (id, body, creation_moment, receiver_username, sender_username) values (300, 'Curabitur at ipsum ac tellus semper interdum.', '2020-04-22', 'kstummeyer1x', 'rpashej');


insert into tasks (id, description, status, title, creation_date, asignee_username, creator_username, flat_id) values (1, 'Nullam sit amet turpis elementum ligula vehicula consequat.', 'DONE', 'In sagittis dui vel nisl.', '2020-02-21', null, 'rdunleavy0', 1);
insert into tasks (id, description, status, title, creation_date, asignee_username, creator_username, flat_id) values (2, 'Vestibulum quam sapien, varius ut, blandit non, interdum in, ante.', 'DONE', 'Nunc rhoncus dui vel sem.', '2020-04-12', null, 'dballchin1', 1);
insert into tasks (id, description, status, title, creation_date, asignee_username, creator_username, flat_id) values (3, 'Nullam varius.', 'INPROGRESS', 'Vestibulum ante ipsum primis in faucibus orci luctus et ultrices posuere cubilia Curae; Nulla dapibus dolor vel est.', '2020-04-28', null, 'owinslade2', 2);
insert into tasks (id, description, status, title, creation_date, asignee_username, creator_username, flat_id) values (4, 'Nulla ut erat id mauris vulputate elementum.', 'DONE', 'Duis aliquam convallis nunc.', '2020-02-04', null, 'dlippiett3', 2);
insert into tasks (id, description, status, title, creation_date, asignee_username, creator_username, flat_id) values (5, 'Fusce consequat.', 'DONE', 'Integer aliquet, massa id lobortis convallis, tortor risus dapibus augue, vel accumsan tellus nisi eu orci.', '2020-03-21', null, 'mkennifick4', 3);
insert into tasks (id, description, status, title, creation_date, asignee_username, creator_username, flat_id) values (6, 'Maecenas tristique, est et tempus semper, est quam pharetra magna, ac consequat metus sapien ut nunc.', 'INPROGRESS', 'In hac habitasse platea dictumst.', '2020-02-27', null, 'anund5', 3);
insert into tasks (id, description, status, title, creation_date, asignee_username, creator_username, flat_id) values (7, 'Vestibulum ante ipsum primis in faucibus orci luctus et ultrices posuere cubilia Curae; Donec pharetra, magna vestibulum aliquet ultrices, erat tortor sollicitudin mi, sit amet lobortis sapien sapien non mi.', 'DONE', 'Lorem ipsum dolor sit amet, consectetuer adipiscing elit.', '2020-02-28', null, 'cmccane6', 4);
insert into tasks (id, description, status, title, creation_date, asignee_username, creator_username, flat_id) values (8, 'In blandit ultrices enim.', 'DONE', 'Maecenas tincidunt lacus at velit.', '2020-04-03', null, 'dmatskevich7', 4);
insert into tasks (id, description, status, title, creation_date, asignee_username, creator_username, flat_id) values (9, 'Vivamus tortor.', 'INPROGRESS', 'Morbi ut odio.', '2020-02-25', null, 'jshewsmith8', 5);
insert into tasks (id, description, status, title, creation_date, asignee_username, creator_username, flat_id) values (10, 'Maecenas ut massa quis augue luctus tincidunt.', 'DONE', 'Vivamus vestibulum sagittis sapien.', '2020-03-04', null, 'rsquibb9', 5);
insert into tasks (id, description, status, title, creation_date, asignee_username, creator_username, flat_id) values (11, 'Etiam faucibus cursus urna.', 'INPROGRESS', 'Pellentesque eget nunc.', '2020-04-13', null, 'mbaudina', 6);
insert into tasks (id, description, status, title, creation_date, asignee_username, creator_username, flat_id) values (12, 'Vivamus metus arcu, adipiscing molestie, hendrerit at, vulputate vitae, nisl.', 'DONE', 'Curabitur gravida nisi at nibh.', '2020-04-07', null, 'cmullesb', 6);
insert into tasks (id, description, status, title, creation_date, asignee_username, creator_username, flat_id) values (13, 'Lorem ipsum dolor sit amet, consectetuer adipiscing elit.', 'INPROGRESS', 'Aenean lectus.', '2020-04-02', null, 'tmaunsellc', 7);
insert into tasks (id, description, status, title, creation_date, asignee_username, creator_username, flat_id) values (14, 'In eleifend quam a odio.', 'TODO', 'Quisque arcu libero, rutrum ac, lobortis vel, dapibus at, diam.', '2020-04-06', null, 'lcoadd', 7);
insert into tasks (id, description, status, title, creation_date, asignee_username, creator_username, flat_id) values (15, 'Fusce congue, diam id ornare imperdiet, sapien urna pretium nisl, ut volutpat sapien arcu sed augue.', 'INPROGRESS', 'Quisque arcu libero, rutrum ac, lobortis vel, dapibus at, diam.', '2020-04-18', null, 'cdowkere', 8);
insert into tasks (id, description, status, title, creation_date, asignee_username, creator_username, flat_id) values (16, 'Aliquam augue quam, sollicitudin vitae, consectetuer eget, rutrum at, lorem.', 'DONE', 'Suspendisse ornare consequat lectus.', '2020-02-05', null, 'agrealeyf', 8);
insert into tasks (id, description, status, title, creation_date, asignee_username, creator_username, flat_id) values (17, 'Nulla tempus.', 'TODO', 'Phasellus in felis.', '2020-03-16', null, 'jdunnetg', 9);
insert into tasks (id, description, status, title, creation_date, asignee_username, creator_username, flat_id) values (18, 'Proin interdum mauris non ligula pellentesque ultrices.', 'DONE', 'Donec odio justo, sollicitudin ut, suscipit a, feugiat et, eros.', '2020-03-29', null, 'whounshamh', 9);
insert into tasks (id, description, status, title, creation_date, asignee_username, creator_username, flat_id) values (19, 'Ut at dolor quis odio consequat varius.', 'INPROGRESS', 'Morbi a ipsum.', '2020-03-09', null, 'dgorhami', 10);
insert into tasks (id, description, status, title, creation_date, asignee_username, creator_username, flat_id) values (20, 'In congue.', 'DONE', 'Maecenas pulvinar lobortis est.', '2020-02-18', null, 'rpashej', 10);
insert into tasks (id, description, status, title, creation_date, asignee_username, creator_username, flat_id) values (21, 'In hac habitasse platea dictumst.', 'DONE', 'Morbi ut odio.', '2020-04-03', null, 'gmanuaudk', 11);
insert into tasks (id, description, status, title, creation_date, asignee_username, creator_username, flat_id) values (22, 'Nullam sit amet turpis elementum ligula vehicula consequat.', 'DONE', 'Nunc purus.', '2020-04-17', null, 'rrowbottoml', 11);
insert into tasks (id, description, status, title, creation_date, asignee_username, creator_username, flat_id) values (23, 'Nam congue, risus semper porta volutpat, quam pede lobortis ligula, sit amet eleifend pede libero quis orci.', 'INPROGRESS', 'Cras pellentesque volutpat dui.', '2020-02-19', null, 'lricardoum', 12);
insert into tasks (id, description, status, title, creation_date, asignee_username, creator_username, flat_id) values (24, 'Aenean auctor gravida sem.', 'DONE', 'In eleifend quam a odio.', '2020-03-13', null, 'cmingusn', 12);
insert into tasks (id, description, status, title, creation_date, asignee_username, creator_username, flat_id) values (25, 'In tempor, turpis nec euismod scelerisque, quam turpis adipiscing lorem, vitae mattis nibh ligula nec sem.', 'TODO', 'Vestibulum ante ipsum primis in faucibus orci luctus et ultrices posuere cubilia Curae; Duis faucibus accumsan odio.', '2020-04-16', null, 'bkellarto', 13);
insert into tasks (id, description, status, title, creation_date, asignee_username, creator_username, flat_id) values (26, 'Sed vel enim sit amet nunc viverra dapibus.', 'TODO', 'Integer ac leo.', '2020-03-04', null, 'wsandesp', 13);
insert into tasks (id, description, status, title, creation_date, asignee_username, creator_username, flat_id) values (27, 'Vivamus in felis eu sapien cursus vestibulum.', 'DONE', 'Proin interdum mauris non ligula pellentesque ultrices.', '2020-03-01', null, 'csingyardq', 14);
insert into tasks (id, description, status, title, creation_date, asignee_username, creator_username, flat_id) values (28, 'In tempor, turpis nec euismod scelerisque, quam turpis adipiscing lorem, vitae mattis nibh ligula nec sem.', 'DONE', 'Quisque ut erat.', '2020-02-18', null, 'yklimkinr', 14);
insert into tasks (id, description, status, title, creation_date, asignee_username, creator_username, flat_id) values (29, 'Vivamus metus arcu, adipiscing molestie, hendrerit at, vulputate vitae, nisl.', 'DONE', 'Maecenas ut massa quis augue luctus tincidunt.', '2020-03-20', null, 'hhowsleys', 15);
insert into tasks (id, description, status, title, creation_date, asignee_username, creator_username, flat_id) values (30, 'Curabitur gravida nisi at nibh.', 'TODO', 'Quisque porta volutpat erat.', '2020-03-17', null, 'htaysbilt', 15);
insert into tasks (id, description, status, title, creation_date, asignee_username, creator_username, flat_id) values (31, 'Nunc purus.', 'TODO', 'Suspendisse potenti.', '2020-02-17', null, 'emacmenamieu', 16);
insert into tasks (id, description, status, title, creation_date, asignee_username, creator_username, flat_id) values (32, 'Mauris ullamcorper purus sit amet nulla.', 'INPROGRESS', 'Duis at velit eu est congue elementum.', '2020-03-22', null, 'vcloyv', 16);
insert into tasks (id, description, status, title, creation_date, asignee_username, creator_username, flat_id) values (33, 'In hac habitasse platea dictumst.', 'INPROGRESS', 'Nullam porttitor lacus at turpis.', '2020-02-02', null, 'aviegasw', 17);
insert into tasks (id, description, status, title, creation_date, asignee_username, creator_username, flat_id) values (34, 'Nullam molestie nibh in lectus.', 'TODO', 'Donec vitae nisi.', '2020-02-11', null, 'kfrowx', 17);
insert into tasks (id, description, status, title, creation_date, asignee_username, creator_username, flat_id) values (35, 'Etiam justo.', 'DONE', 'Duis at velit eu est congue elementum.', '2020-04-16', null, 'ebussely', 18);
insert into tasks (id, description, status, title, creation_date, asignee_username, creator_username, flat_id) values (36, 'Morbi quis tortor id nulla ultrices aliquet.', 'DONE', 'Maecenas tristique, est et tempus semper, est quam pharetra magna, ac consequat metus sapien ut nunc.', '2020-03-03', null, 'rvinnickz', 18);
insert into tasks (id, description, status, title, creation_date, asignee_username, creator_username, flat_id) values (37, 'Proin eu mi.', 'TODO', 'Pellentesque ultrices mattis odio.', '2020-02-19', null, 'mgaydon10', 19);
insert into tasks (id, description, status, title, creation_date, asignee_username, creator_username, flat_id) values (38, 'Maecenas ut massa quis augue luctus tincidunt.', 'TODO', 'Maecenas ut massa quis augue luctus tincidunt.', '2020-02-21', null, 'jgamet11', 19);
insert into tasks (id, description, status, title, creation_date, asignee_username, creator_username, flat_id) values (39, 'Donec vitae nisi.', 'DONE', 'Nulla facilisi.', '2020-02-24', null, 'dlaroux12', 20);
insert into tasks (id, description, status, title, creation_date, asignee_username, creator_username, flat_id) values (40, 'Cras non velit nec nisi vulputate nonummy.', 'DONE', 'Curabitur convallis.', '2020-03-27', null, 'hfilisov13', 20);
insert into tasks (id, description, status, title, creation_date, asignee_username, creator_username, flat_id) values (41, 'Sed accumsan felis.', 'INPROGRESS', 'Duis mattis egestas metus.', '2020-04-29', null, 'rjeavons14', 21);
insert into tasks (id, description, status, title, creation_date, asignee_username, creator_username, flat_id) values (42, 'Etiam pretium iaculis justo.', 'DONE', 'Pellentesque ultrices mattis odio.', '2020-02-19', null, 'fdodge15', 21);
insert into tasks (id, description, status, title, creation_date, asignee_username, creator_username, flat_id) values (43, 'Praesent id massa id nisl venenatis lacinia.', 'DONE', 'In blandit ultrices enim.', '2020-03-17', null, 'gprestedge16', 22);
insert into tasks (id, description, status, title, creation_date, asignee_username, creator_username, flat_id) values (44, 'Quisque porta volutpat erat.', 'DONE', 'Etiam faucibus cursus urna.', '2020-04-08', null, 'cguerry17', 22);
insert into tasks (id, description, status, title, creation_date, asignee_username, creator_username, flat_id) values (45, 'In est risus, auctor sed, tristique in, tempus sit amet, sem.', 'DONE', 'Ut at dolor quis odio consequat varius.', '2020-02-05', null, 'iantosik18', 23);
insert into tasks (id, description, status, title, creation_date, asignee_username, creator_username, flat_id) values (46, 'Donec ut mauris eget massa tempor convallis.', 'DONE', 'Morbi quis tortor id nulla ultrices aliquet.', '2020-04-02', null, 'wcolleymore19', 23);
insert into tasks (id, description, status, title, creation_date, asignee_username, creator_username, flat_id) values (47, 'Maecenas tristique, est et tempus semper, est quam pharetra magna, ac consequat metus sapien ut nunc.', 'DONE', 'In est risus, auctor sed, tristique in, tempus sit amet, sem.', '2020-04-19', null, 'jstienham1a', 24);
insert into tasks (id, description, status, title, creation_date, asignee_username, creator_username, flat_id) values (48, 'Etiam faucibus cursus urna.', 'INPROGRESS', 'In est risus, auctor sed, tristique in, tempus sit amet, sem.', '2020-02-14', null, 'vspillman1b', 24);
insert into tasks (id, description, status, title, creation_date, asignee_username, creator_username, flat_id) values (49, 'Vestibulum ante ipsum primis in faucibus orci luctus et ultrices posuere cubilia Curae; Mauris viverra diam vitae quam.', 'INPROGRESS', 'Integer tincidunt ante vel ipsum.', '2020-03-19', null, 'coxer1c', 25);
insert into tasks (id, description, status, title, creation_date, asignee_username, creator_username, flat_id) values (50, 'Nullam porttitor lacus at turpis.', 'INPROGRESS', 'Etiam pretium iaculis justo.', '2020-02-19', null, 'tpoile1d', 25);
insert into tasks (id, description, status, title, creation_date, asignee_username, creator_username, flat_id) values (51, 'Aenean auctor gravida sem.', 'TODO', 'Fusce lacus purus, aliquet at, feugiat non, pretium quis, lectus.', '2020-04-17', null, 'lbadgers1e', 26);
insert into tasks (id, description, status, title, creation_date, asignee_username, creator_username, flat_id) values (52, 'Proin eu mi.', 'INPROGRESS', 'Phasellus in felis.', '2020-03-18', null, 'zcrittal1f', 26);
insert into tasks (id, description, status, title, creation_date, asignee_username, creator_username, flat_id) values (53, 'Aliquam quis turpis eget elit sodales scelerisque.', 'INPROGRESS', 'Sed accumsan felis.', '2020-04-06', null, 'bkeeping1g', 27);
insert into tasks (id, description, status, title, creation_date, asignee_username, creator_username, flat_id) values (54, 'Duis bibendum.', 'DONE', 'Mauris enim leo, rhoncus sed, vestibulum sit amet, cursus id, turpis.', '2020-03-19', null, 'gdemerida1h', 27);
insert into tasks (id, description, status, title, creation_date, asignee_username, creator_username, flat_id) values (55, 'Suspendisse potenti.', 'TODO', 'Nulla justo.', '2020-03-08', null, 'dcoggon1i', 28);
insert into tasks (id, description, status, title, creation_date, asignee_username, creator_username, flat_id) values (56, 'Nam dui.', 'DONE', 'Nam ultrices, libero non mattis pulvinar, nulla pede ullamcorper augue, a suscipit nulla elit ac nulla.', '2020-04-14', null, 'uzanioletti1j', 28);
insert into tasks (id, description, status, title, creation_date, asignee_username, creator_username, flat_id) values (57, 'Nulla neque libero, convallis eget, eleifend luctus, ultricies eu, nibh.', 'INPROGRESS', 'Nullam porttitor lacus at turpis.', '2020-04-29', null, 'nmeiner1k', 29);
insert into tasks (id, description, status, title, creation_date, asignee_username, creator_username, flat_id) values (58, 'In congue.', 'DONE', 'Ut at dolor quis odio consequat varius.', '2020-04-07', null, 'ahollows1l', 29);
insert into tasks (id, description, status, title, creation_date, asignee_username, creator_username, flat_id) values (59, 'Curabitur in libero ut massa volutpat convallis.', 'INPROGRESS', 'Integer pede justo, lacinia eget, tincidunt eget, tempus vel, pede.', '2020-04-04', null, 'bfrancom1m', 30);
insert into tasks (id, description, status, title, creation_date, asignee_username, creator_username, flat_id) values (60, 'Donec semper sapien a libero.', 'TODO', 'Nullam varius.', '2020-04-26', null, 'rphonix1n', 30);
insert into tasks (id, description, status, title, creation_date, asignee_username, creator_username, flat_id) values (61, 'Maecenas rhoncus aliquam lacus.', 'INPROGRESS', 'In sagittis dui vel nisl.', '2020-04-13', null, 'ejuszczyk1o', 31);
insert into tasks (id, description, status, title, creation_date, asignee_username, creator_username, flat_id) values (62, 'Mauris ullamcorper purus sit amet nulla.', 'DONE', 'Etiam vel augue.', '2020-03-08', null, 'kwhatling1p', 31);
insert into tasks (id, description, status, title, creation_date, asignee_username, creator_username, flat_id) values (63, 'Morbi vestibulum, velit id pretium iaculis, diam erat fermentum justo, nec condimentum neque sapien placerat ante.', 'INPROGRESS', 'Aenean auctor gravida sem.', '2020-02-12', null, 'gbaumber1q', 32);
insert into tasks (id, description, status, title, creation_date, asignee_username, creator_username, flat_id) values (64, 'Vivamus in felis eu sapien cursus vestibulum.', 'TODO', 'Proin interdum mauris non ligula pellentesque ultrices.', '2020-02-01', null, 'forrom1r', 32);
insert into tasks (id, description, status, title, creation_date, asignee_username, creator_username, flat_id) values (65, 'Quisque id justo sit amet sapien dignissim vestibulum.', 'DONE', 'Integer ac neque.', '2020-02-25', null, 'gimpy1s', 33);
insert into tasks (id, description, status, title, creation_date, asignee_username, creator_username, flat_id) values (66, 'Nullam porttitor lacus at turpis.', 'INPROGRESS', 'Nunc nisl.', '2020-03-21', null, 'emeco1t', 33);
insert into tasks (id, description, status, title, creation_date, asignee_username, creator_username, flat_id) values (67, 'Maecenas leo odio, condimentum id, luctus nec, molestie sed, justo.', 'TODO', 'Maecenas ut massa quis augue luctus tincidunt.', '2020-04-19', null, 'gprobin1u', 34);
insert into tasks (id, description, status, title, creation_date, asignee_username, creator_username, flat_id) values (68, 'Praesent blandit lacinia erat.', 'TODO', 'Mauris lacinia sapien quis libero.', '2020-04-24', null, 'stesmond1v', 34);
insert into tasks (id, description, status, title, creation_date, asignee_username, creator_username, flat_id) values (69, 'Vestibulum ante ipsum primis in faucibus orci luctus et ultrices posuere cubilia Curae; Mauris viverra diam vitae quam.', 'INPROGRESS', 'Nullam molestie nibh in lectus.', '2020-02-25', null, 'cmarcome1w', 35);
insert into tasks (id, description, status, title, creation_date, asignee_username, creator_username, flat_id) values (70, 'In tempor, turpis nec euismod scelerisque, quam turpis adipiscing lorem, vitae mattis nibh ligula nec sem.', 'DONE', 'Aliquam erat volutpat.', '2020-02-13', null, 'kstummeyer1x', 35);
insert into tasks (id, description, status, title, creation_date, asignee_username, creator_username, flat_id) values (71, 'Fusce posuere felis sed lacus.', 'INPROGRESS', 'Quisque id justo sit amet sapien dignissim vestibulum.', '2020-03-07', null, 'hseath1y', 36);
insert into tasks (id, description, status, title, creation_date, asignee_username, creator_username, flat_id) values (72, 'Etiam pretium iaculis justo.', 'INPROGRESS', 'Aliquam sit amet diam in magna bibendum imperdiet.', '2020-02-10', null, 'cmacmeekan1z', 36);
insert into tasks (id, description, status, title, creation_date, asignee_username, creator_username, flat_id) values (73, 'Nulla nisl.', 'DONE', 'Aliquam sit amet diam in magna bibendum imperdiet.', '2020-02-11', null, 'sknightly20', 37);
insert into tasks (id, description, status, title, creation_date, asignee_username, creator_username, flat_id) values (74, 'Aenean sit amet justo.', 'DONE', 'Pellentesque ultrices mattis odio.', '2020-02-15', null, 'broby21', 37);
insert into tasks (id, description, status, title, creation_date, asignee_username, creator_username, flat_id) values (75, 'Etiam vel augue.', 'TODO', 'Vivamus vel nulla eget eros elementum pellentesque.', '2020-02-04', null, 'acordingly22', 38);
insert into tasks (id, description, status, title, creation_date, asignee_username, creator_username, flat_id) values (76, 'Morbi non lectus.', 'DONE', 'Nunc nisl.', '2020-02-07', null, 'rbrason23', 38);
insert into tasks (id, description, status, title, creation_date, asignee_username, creator_username, flat_id) values (77, 'In hac habitasse platea dictumst.', 'INPROGRESS', 'Suspendisse potenti.', '2020-04-22', null, 'dbacken24', 39);
insert into tasks (id, description, status, title, creation_date, asignee_username, creator_username, flat_id) values (78, 'Maecenas tristique, est et tempus semper, est quam pharetra magna, ac consequat metus sapien ut nunc.', 'DONE', 'Nullam porttitor lacus at turpis.', '2020-03-20', null, 'afahrenbach25', 39);
insert into tasks (id, description, status, title, creation_date, asignee_username, creator_username, flat_id) values (79, 'Aliquam augue quam, sollicitudin vitae, consectetuer eget, rutrum at, lorem.', 'TODO', 'Duis at velit eu est congue elementum.', '2020-03-17', null, 'tcregeen26', 40);
insert into tasks (id, description, status, title, creation_date, asignee_username, creator_username, flat_id) values (80, 'Suspendisse ornare consequat lectus.', 'TODO', 'Pellentesque at nulla.', '2020-04-08', null, 'bpottinger27', 40);
insert into tasks (id, description, status, title, creation_date, asignee_username, creator_username, flat_id) values (81, 'Duis bibendum.', 'DONE', 'Nullam varius.', '2020-02-25', null, 'tscranney28', 41);
insert into tasks (id, description, status, title, creation_date, asignee_username, creator_username, flat_id) values (82, 'Aenean fermentum.', 'DONE', 'Integer a nibh.', '2020-02-12', null, 'aryder29', 41);
insert into tasks (id, description, status, title, creation_date, asignee_username, creator_username, flat_id) values (83, 'Vestibulum ante ipsum primis in faucibus orci luctus et ultrices posuere cubilia Curae; Nulla dapibus dolor vel est.', 'TODO', 'Duis consequat dui nec nisi volutpat eleifend.', '2020-03-30', null, 'scuncliffe2a', 42);
insert into tasks (id, description, status, title, creation_date, asignee_username, creator_username, flat_id) values (84, 'Vestibulum ante ipsum primis in faucibus orci luctus et ultrices posuere cubilia Curae; Donec pharetra, magna vestibulum aliquet ultrices, erat tortor sollicitudin mi, sit amet lobortis sapien sapien non mi.', 'DONE', 'Vestibulum ante ipsum primis in faucibus orci luctus et ultrices posuere cubilia Curae; Mauris viverra diam vitae quam.', '2020-03-21', null, 'mfyndon2b', 42);
insert into tasks (id, description, status, title, creation_date, asignee_username, creator_username, flat_id) values (85, 'Donec ut mauris eget massa tempor convallis.', 'INPROGRESS', 'Sed vel enim sit amet nunc viverra dapibus.', '2020-02-10', null, 'fchatainier2c', 43);
insert into tasks (id, description, status, title, creation_date, asignee_username, creator_username, flat_id) values (86, 'Nullam porttitor lacus at turpis.', 'DONE', 'Phasellus sit amet erat.', '2020-02-13', null, 'bheed2d', 43);
insert into tasks (id, description, status, title, creation_date, asignee_username, creator_username, flat_id) values (87, 'Nulla ac enim.', 'INPROGRESS', 'Duis bibendum.', '2020-04-26', null, 'jscholer2e', 44);
insert into tasks (id, description, status, title, creation_date, asignee_username, creator_username, flat_id) values (88, 'Nulla mollis molestie lorem.', 'TODO', 'Cras non velit nec nisi vulputate nonummy.', '2020-02-10', null, 'svear2f', 44);
insert into tasks (id, description, status, title, creation_date, asignee_username, creator_username, flat_id) values (89, 'Donec semper sapien a libero.', 'DONE', 'Nulla tempus.', '2020-04-05', null, 'rgeorges2g', 45);
insert into tasks (id, description, status, title, creation_date, asignee_username, creator_username, flat_id) values (90, 'Phasellus sit amet erat.', 'TODO', 'Nulla ut erat id mauris vulputate elementum.', '2020-03-06', null, 'belion2h', 45);


